date,sales
2013-01-01,2511.619
2013-01-02,5316.224
2013-01-03,4442.9130000000005
2013-01-04,4844.354
2013-01-05,5817.526
2013-01-06,3201.695
2013-01-07,2783.978
2013-01-08,2884.284
2013-01-09,3565.639
2013-01-10,2673.934
2013-01-11,4794.148
2013-01-12,7036.223
2013-01-13,3174.204
2013-01-14,3156.056
2013-01-15,3005.576
2013-01-16,3854.7
2013-01-17,2616.904
2013-01-18,5695.546
2013-01-19,7456.022
2013-01-20,3495.272
2013-01-21,3768.027
2013-01-22,3270.978
2013-01-23,4528.585
2013-01-24,3562.141
2013-01-25,5698.591
2013-01-26,8207.192
2013-01-27,3442.038
2013-01-28,3278.216
2013-01-29,3554.633
2013-01-30,4302.477
2013-01-31,4252.359
2013-02-01,8838.678
2013-02-02,11254.187
2013-02-03,4976.038
2013-02-04,5595.269
2013-02-05,5461.599
2013-02-06,6872.321
2013-02-07,8393.609
2013-02-08,14792.442000000001
2013-02-09,20156.068
2013-02-10,15694.587
2013-02-11,11427.28
2013-02-12,5718.612
2013-02-13,6962.628
2013-02-14,5710.148
2013-02-15,5510.284
2013-02-16,4179.728
2013-02-17,2351.022
2013-02-18,3744.7690000000002
2013-02-19,3655.293
2013-02-20,5058.981
2013-02-21,4877.914
2013-02-22,7908.113
2013-02-23,9369.984
2013-02-24,4382.754
2013-02-25,4731.991
2013-02-26,3999.873
2013-02-27,5160.56
2013-02-28,4670.395
2013-03-01,9173.272
2013-03-02,11127.401
2013-03-03,4912.932
2013-03-04,5195.929
2013-03-05,4605.677
2013-03-06,5010.357
2013-03-07,4855.477
2013-03-08,9579.06
2013-03-09,9747.019
2013-03-10,5209.9130000000005
2013-03-11,4855.208
2013-03-12,3891.047
2013-03-13,5358.888
2013-03-14,4921.765
2013-03-15,7932.628
2013-03-16,10488.737
2013-03-17,4317.67
2013-03-18,5600.988
2013-03-19,3790.851
2013-03-20,5959.536
2013-03-21,4534.943
2013-03-22,9140.691
2013-03-23,10285.297
2013-03-24,4732.697
2013-03-25,5801.228
2013-03-26,4979.404
2013-03-27,7145.5289999999995
2013-03-28,12275.946
2013-03-29,14962.0
2013-03-30,10498.223
2013-03-31,4269.722
2013-04-01,4506.788
2013-04-02,4323.853
2013-04-03,5297.349
2013-04-04,4633.39
2013-04-05,7872.668
2013-04-06,9596.541
2013-04-07,4466.978
2013-04-08,4061.222
2013-04-09,3958.273
2013-04-10,4288.012
2013-04-11,4106.387
2013-04-12,7078.44
2013-04-13,7977.428
2013-04-14,3592.735
2013-04-15,3571.021
2013-04-16,3380.249
2013-04-17,3979.764
2013-04-18,3318.319
2013-04-19,5760.632
2013-04-20,7496.614
2013-04-21,3523.2
2013-04-22,3160.782
2013-04-23,2856.016
2013-04-24,3647.374
2013-04-25,2794.551
2013-04-26,5685.799
2013-04-27,6426.166
2013-04-28,3257.783
2013-04-29,3161.467
2013-04-30,2920.942
2013-05-01,4716.944
2013-05-02,3323.522
2013-05-03,3944.754
2013-05-04,5608.393
2013-05-05,3385.116
2013-05-06,2963.995
2013-05-07,2596.339
2013-05-08,3021.674
2013-05-09,3221.843
2013-05-10,3331.747
2013-05-11,3879.32
2013-05-12,2817.074
2013-05-13,2317.74
2013-05-14,2266.842
2013-05-15,2980.785
2013-05-16,2365.996
2013-05-17,3534.431
2013-05-18,4677.052
2013-05-19,2611.147
2013-05-20,2491.513
2013-05-21,2370.492
2013-05-22,3206.404
2013-05-23,4145.959
2013-05-24,11260.544
2013-05-25,6176.245
2013-05-26,3064.307
2013-05-27,2319.898
2013-05-28,2137.54
2013-05-29,2799.649
2013-05-30,2502.393
2013-05-31,2821.902
2013-06-01,4460.978
2013-06-02,3319.189
2013-06-03,2692.449
2013-06-04,2722.278
2013-06-05,2988.7309999999998
2013-06-06,2233.765
2013-06-07,3677.25
2013-06-08,3716.419
2013-06-09,2581.742
2013-06-10,2464.012
2013-06-11,2268.3
2013-06-12,3162.147
2013-06-13,2479.41
2013-06-14,3153.045
2013-06-15,4200.738
2013-06-16,2544.418
2013-06-17,2416.057
2013-06-18,2817.284
2013-06-19,2929.065
2013-06-20,2128.121
2013-06-21,3870.365
2013-06-22,4352.029
2013-06-23,3180.776
2013-06-24,2443.138
2013-06-25,2334.683
2013-06-26,2301.326
2013-06-27,2257.451
2013-06-28,3839.607
2013-06-29,4460.955
2013-06-30,3202.619
2013-07-01,2926.877
2013-07-02,2602.253
2013-07-03,3299.296
2013-07-04,2596.386
2013-07-05,3422.187
2013-07-06,4749.149
2013-07-07,2968.977
2013-07-08,2266.715
2013-07-09,2674.646
2013-07-10,2904.725
2013-07-11,2497.652
2013-07-12,3272.138
2013-07-13,4604.048
2013-07-14,2946.015
2013-07-15,2940.908
2013-07-16,2521.12
2013-07-17,3416.902
2013-07-18,2800.828
2013-07-19,3691.068
2013-07-20,4673.477
2013-07-21,3491.59
2013-07-22,2785.432
2013-07-23,3057.499
2013-07-24,3320.078
2013-07-25,3305.004
2013-07-26,4044.504
2013-07-27,4646.434
2013-07-28,3165.488
2013-07-29,3041.216
2013-07-30,3206.84
2013-07-31,3370.957
2013-08-01,3341.334
2013-08-02,4567.455
2013-08-03,5235.57
2013-08-04,3914.904
2013-08-05,3541.303
2013-08-06,3422.216
2013-08-07,3798.57
2013-08-08,3670.138
2013-08-09,4780.698
2013-08-10,6571.4
2013-08-11,3877.532
2013-08-12,3756.966
2013-08-13,3202.989
2013-08-14,3821.886
2013-08-15,3292.989
2013-08-16,4417.412
2013-08-17,5446.263
2013-08-18,3831.866
2013-08-19,3381.32
2013-08-20,3155.829
2013-08-21,3588.354
2013-08-22,3324.123
2013-08-23,4301.646
2013-08-24,4900.746
2013-08-25,3648.145
2013-08-26,2910.119
2013-08-27,2831.134
2013-08-28,2959.865
2013-08-29,2932.268
2013-08-30,4644.845
2013-08-31,4972.721
2013-09-01,3361.857
2013-09-02,2912.848
2013-09-03,2803.147
2013-09-04,3065.638
2013-09-05,2603.767
2013-09-06,3572.512
2013-09-07,4239.37
2013-09-08,3104.827
2013-09-09,2493.388
2013-09-10,2670.23
2013-09-11,2696.284
2013-09-12,2000.439
2013-09-13,3296.971
2013-09-14,4233.565
2013-09-15,2957.177
2013-09-16,2834.431
2013-09-17,2540.354
2013-09-18,2831.132
2013-09-19,2504.155
2013-09-20,3880.865
2013-09-21,4063.301
2013-09-22,2641.354
2013-09-23,3079.964
2013-09-24,2188.229
2013-09-25,2844.601
2013-09-26,2167.411
2013-09-27,3062.181
2013-09-28,4849.621
2013-09-29,3271.311
2013-09-30,3124.478
2013-10-01,3711.774
2013-10-02,3761.027
2013-10-03,3212.701
2013-10-04,5110.684
2013-10-05,6113.841
2013-10-06,3419.582
2013-10-07,3811.215
2013-10-08,3818.568
2013-10-09,4527.581
2013-10-10,7505.998
2013-10-11,13354.284
2013-10-12,7599.578
2013-10-13,3279.465
2013-10-14,3066.906
2013-10-15,2779.003
2013-10-16,3675.981
2013-10-17,2543.432
2013-10-18,3473.988
2013-10-19,4106.326
2013-10-20,3133.519
2013-10-21,2249.302
2013-10-22,2535.558
2013-10-23,2939.977
2013-10-24,2175.602
2013-10-25,3534.109
2013-10-26,4335.011
2013-10-27,3207.086
2013-10-28,2424.957
2013-10-29,2534.275
2013-10-30,3172.012
2013-10-31,2828.888
2013-11-01,4839.816
2013-11-02,5862.62
2013-11-03,3287.657
2013-11-04,2544.179
2013-11-05,2573.212
2013-11-06,3063.5
2013-11-07,2473.625
2013-11-08,4155.789
2013-11-09,4397.922
2013-11-10,2839.278
2013-11-11,2772.14
2013-11-12,2369.197
2013-11-13,3238.406
2013-11-14,2499.5769999999998
2013-11-15,3746.092
2013-11-16,4453.53
2013-11-17,3192.839
2013-11-18,2884.095
2013-11-19,2383.52
2013-11-20,2506.692
2013-11-21,2505.316
2013-11-22,3563.416
2013-11-23,4758.269
2013-11-24,3145.91
2013-11-25,2949.885
2013-11-26,2342.057
2013-11-27,3304.178
2013-11-28,2576.604
2013-11-29,3726.167
2013-11-30,4624.197
2013-12-01,3563.7
2013-12-02,3346.879
2013-12-03,2732.52
2013-12-04,3023.224
2013-12-05,2849.767
2013-12-06,4550.005
2013-12-07,4288.025
2013-12-08,3219.04
2013-12-09,2699.512
2013-12-10,2878.482
2013-12-11,3685.785
2013-12-12,3049.372
2013-12-13,4738.372
2013-12-14,5384.867
2013-12-15,4956.263
2013-12-16,4032.181
2013-12-17,4782.681
2013-12-18,5425.802
2013-12-19,4391.033
2013-12-20,6366.631
2013-12-21,8268.042
2013-12-22,6871.045
2013-12-23,7505.629
2013-12-24,8002.623
2013-12-25,12453.597
2013-12-26,16904.571
2013-12-27,21197.248
2013-12-28,26539.182
2013-12-29,20677.812
2013-12-30,23676.474
2013-12-31,17884.919
2014-01-01,4992.5344
2014-01-02,12759.373
2014-01-03,11891.4121
2014-01-04,12188.295
2014-01-05,6063.2789999999995
2014-01-06,5737.08
2014-01-07,5298.153
2014-01-08,7274.9019
2014-01-09,5761.566
2014-01-10,8347.6272
2014-01-11,12388.785
2014-01-12,6684.195
2014-01-13,4892.072
2014-01-14,4700.568
2014-01-15,6777.722
2014-01-16,5273.612
2014-01-17,8937.301
2014-01-18,11057.545
2014-01-19,5562.131
2014-01-20,4943.134
2014-01-21,4811.368
2014-01-22,6697.5643
2014-01-23,5104.603
2014-01-24,9176.1191
2014-01-25,11993.364
2014-01-26,5792.493
2014-01-27,5383.38
2014-01-28,4215.81
2014-01-29,6604.2297
2014-01-30,4779.516
2014-01-31,9686.7275
2014-02-01,10388.385
2014-02-02,4587.623
2014-02-03,4136.138
2014-02-04,3933.244
2014-02-05,4621.032
2014-02-06,4357.301
2014-02-07,8002.8429
2014-02-08,10522.059
2014-02-09,4718.776
2014-02-10,4061.781
2014-02-11,3540.082
2014-02-12,4070.318
2014-02-13,4395.444
2014-02-14,7549.4117
2014-02-15,9625.976
2014-02-16,4729.269
2014-02-17,4446.063
2014-02-18,3265.894
2014-02-19,3944.95
2014-02-20,3963.841
2014-02-21,4801.2939
2014-02-22,4949.468
2014-02-23,2928.433
2014-02-24,3834.747
2014-02-25,4048.099
2014-02-26,5743.321
2014-02-27,7151.158
2014-02-28,14902.0722
2014-03-01,34928.132
2014-03-02,21898.207
2014-03-03,16102.429
2014-03-04,8660.667
2014-03-05,10946.6913
2014-03-06,7895.872
2014-03-07,10935.7904
2014-03-08,10853.206
2014-03-09,6077.579
2014-03-10,6698.135
2014-03-11,5874.662
2014-03-12,8209.3909
2014-03-13,6241.176
2014-03-14,10629.9302
2014-03-15,13383.705
2014-03-16,6332.693
2014-03-17,7281.482
2014-03-18,6326.751
2014-03-19,8861.0167
2014-03-20,7824.289
2014-03-21,12392.4574
2014-03-22,14438.232
2014-03-23,6892.74
2014-03-24,8014.16
2014-03-25,5771.966
2014-03-26,8012.8528
2014-03-27,8209.076
2014-03-28,11834.9868
2014-03-29,14392.371
2014-03-30,6079.792
2014-03-31,7910.831
2014-04-01,4583.735
2014-04-02,5128.431
2014-04-03,5570.789
2014-04-04,8780.992
2014-04-05,10522.155
2014-04-06,4832.392
2014-04-07,4828.986
2014-04-08,4574.025
2014-04-09,4999.849
2014-04-10,5412.7
2014-04-11,9025.9513
2014-04-12,10066.248
2014-04-13,4961.949
2014-04-14,5822.693
2014-04-15,5849.814
2014-04-16,8214.04
2014-04-17,11789.867
2014-04-18,15638.5951
2014-04-19,10963.382
2014-04-20,4391.843
2014-04-21,4247.777
2014-04-22,3369.574
2014-04-23,3998.351
2014-04-24,3730.645
2014-04-25,5279.9921
2014-04-26,7329.036
2014-04-27,3612.261
2014-04-28,3335.595
2014-04-29,3016.649
2014-04-30,4168.513
2014-05-01,5783.877
2014-05-02,5534.333
2014-05-03,6813.689
2014-05-04,3886.205
2014-05-05,2911.186
2014-05-06,3147.906
2014-05-07,3294.449
2014-05-08,3037.895
2014-05-09,3539.5373
2014-05-10,4593.768
2014-05-11,3232.226
2014-05-12,2650.949
2014-05-13,2661.649
2014-05-14,3717.232
2014-05-15,2591.095
2014-05-16,3950.7492
2014-05-17,6005.454
2014-05-18,3267.242
2014-05-19,3082.692
2014-05-20,2685.407
2014-05-21,3558.243
2014-05-22,3123.575
2014-05-23,4478.6253
2014-05-24,5681.893
2014-05-25,3591.318
2014-05-26,2766.672
2014-05-27,2702.345
2014-05-28,3392.968
2014-05-29,2708.117
2014-05-30,4285.0855
2014-05-31,5643.81
2014-06-01,4186.919
2014-06-02,3644.374
2014-06-03,2962.796
2014-06-04,4368.919
2014-06-05,2828.652
2014-06-06,3984.3528
2014-06-07,5171.052
2014-06-08,3758.89
2014-06-09,3367.705
2014-06-10,2710.895
2014-06-11,3139.038
2014-06-12,2907.045
2014-06-13,3724.0716
2014-06-14,5109.502
2014-06-15,3026.698
2014-06-16,3312.244
2014-06-17,2762.15
2014-06-18,3242.227
2014-06-19,2638.095
2014-06-20,4391.483
2014-06-21,5871.041
2014-06-22,3484.426
2014-06-23,3404.821
2014-06-24,2414.462
2014-06-25,3740.217
2014-06-26,2974.176
2014-06-27,4499.302
2014-06-28,4673.85
2014-06-29,3958.25
2014-06-30,3271.645
2014-07-01,4972.104
2014-07-02,7391.9
2014-07-03,4701.165
2014-07-04,6547.545
2014-07-05,7948.883
2014-07-06,5575.424
2014-07-07,5280.788
2014-07-08,4353.603
2014-07-09,5694.696
2014-07-10,4953.252
2014-07-11,6146.956
2014-07-12,8138.653
2014-07-13,5252.054
2014-07-14,5437.205
2014-07-15,5005.519
2014-07-16,6404.5869999999995
2014-07-17,4604.86
2014-07-18,6570.004
2014-07-19,8074.43
2014-07-20,5139.265
2014-07-21,4812.932
2014-07-22,4122.615
2014-07-23,6261.965
2014-07-24,6366.086
2014-07-25,15170.36
2014-07-26,10691.605
2014-07-27,6158.333
2014-07-28,6025.68
2014-07-29,4767.784
2014-07-30,6233.0902
2014-07-31,5228.6
2014-08-01,6203.116
2014-08-02,6854.202
2014-08-03,4637.405
2014-08-04,4502.272
2014-08-05,3472.626
2014-08-06,4268.136
2014-08-07,4179.77
2014-08-08,6449.116
2014-08-09,6958.164
2014-08-10,4046.422
2014-08-11,5052.007
2014-08-12,3481.784
2014-08-13,3883.399
2014-08-14,4020.149
2014-08-15,5771.327
2014-08-16,7037.423
2014-08-17,4299.186
2014-08-18,4472.709
2014-08-19,3511.277
2014-08-20,5001.675
2014-08-21,3127.842
2014-08-22,5886.706
2014-08-23,7141.076
2014-08-24,4019.442
2014-08-25,3730.457
2014-08-26,3291.632
2014-08-27,3867.344
2014-08-28,3046.024
2014-08-29,4163.794
2014-08-30,5320.767
2014-08-31,3767.639
2014-09-01,5851.591
2014-09-02,4570.81
2014-09-03,6379.131
2014-09-04,4208.532
2014-09-05,6513.47
2014-09-06,7028.424
2014-09-07,5416.164
2014-09-08,4292.778
2014-09-09,4066.623
2014-09-10,5488.039
2014-09-11,3408.116
2014-09-12,6328.352
2014-09-13,7913.615
2014-09-14,4657.771
2014-09-15,4620.655
2014-09-16,4542.771
2014-09-17,5552.279
2014-09-18,3950.458
2014-09-19,6114.246
2014-09-20,7129.411
2014-09-21,4702.731
2014-09-22,4257.199
2014-09-23,3462.545
2014-09-24,5292.165
2014-09-25,3915.663
2014-09-26,5169.21
2014-09-27,7468.851
2014-09-28,5611.903
2014-09-29,4892.797
2014-09-30,4979.975
2014-10-01,7277.056
2014-10-02,6824.34
2014-10-03,8912.556
2014-10-04,9639.816
2014-10-05,6663.772
2014-10-06,6302.079
2014-10-07,5284.494
2014-10-08,8498.779
2014-10-09,12497.64
2014-10-10,19175.692
2014-10-11,12171.436
2014-10-12,5806.839
2014-10-13,4886.848
2014-10-14,3864.687
2014-10-15,5919.797
2014-10-16,4976.643
2014-10-17,5400.145
2014-10-18,6563.021
2014-10-19,4756.995
2014-10-20,4286.294
2014-10-21,3631.252
2014-10-22,6030.957
2014-10-23,4270.943
2014-10-24,5638.984
2014-10-25,6270.14
2014-10-26,5336.217
2014-10-27,4588.826
2014-10-28,4171.287
2014-10-29,5457.05
2014-10-30,5200.809
2014-10-31,10991.756
2014-11-01,18893.027000000002
2014-11-02,10110.137
2014-11-03,5748.776
2014-11-04,3955.318
2014-11-05,5595.522
2014-11-06,4203.516
2014-11-07,6310.744
2014-11-08,6517.649
2014-11-09,4897.971
2014-11-10,4878.068
2014-11-11,3832.623
2014-11-12,5049.777
2014-11-13,4077.054
2014-11-14,5659.145
2014-11-15,6800.781
2014-11-16,5138.598
2014-11-17,4201.634
2014-11-18,4281.182
2014-11-19,5575.405
2014-11-20,4190.199
2014-11-21,6338.772
2014-11-22,6862.455
2014-11-23,5601.201
2014-11-24,4509.373
2014-11-25,4126.333
2014-11-26,5660.112
2014-11-27,4496.422
2014-11-28,6307.819
2014-11-29,7651.548
2014-11-30,5938.151
2014-12-01,5819.497
2014-12-02,4458.774
2014-12-03,6582.488
2014-12-04,4601.283
2014-12-05,5774.631
2014-12-06,6754.939
2014-12-07,5374.055
2014-12-08,4638.311
2014-12-09,4524.893
2014-12-10,6572.1578
2014-12-11,4866.153
2014-12-12,7624.818
2014-12-13,7136.825
2014-12-14,6593.855
2014-12-15,5660.995
2014-12-16,5718.743
2014-12-17,7941.9
2014-12-18,5762.024
2014-12-19,8840.637
2014-12-20,9662.044
2014-12-21,8704.713
2014-12-22,9595.42
2014-12-23,11912.399
2014-12-24,12750.023
2014-12-25,23397.509
2014-12-26,34044.995
2014-12-27,31033.916
2014-12-28,22137.995
2014-12-29,30488.513
2014-12-30,34706.024
2014-12-31,34619.44
2015-01-01,12773.617
2015-01-02,22363.275
2015-01-03,14651.856
2015-01-04,5821.594
2015-01-05,6211.349
2015-01-06,4709.614
2015-01-07,5183.707
2015-01-08,4487.39
2015-01-09,6610.667
2015-01-10,6991.901
2015-01-11,4397.259
2015-01-12,4205.081
2015-01-13,3605.048
2015-01-14,4512.623
2015-01-15,3744.22
2015-01-16,6516.574
2015-01-17,8992.019
2015-01-18,4530.566
2015-01-19,4163.724
2015-01-20,3970.564
2015-01-21,5156.277
2015-01-22,3748.553
2015-01-23,7431.03
2015-01-24,9319.375
2015-01-25,4911.052
2015-01-26,3457.93
2015-01-27,3825.261
2015-01-28,3916.642
2015-01-29,4241.332
2015-01-30,6973.422
2015-01-31,10518.115
2015-02-01,5446.243
2015-02-02,4718.385
2015-02-03,4205.465
2015-02-04,5085.701
2015-02-05,4192.317
2015-02-06,7869.255
2015-02-07,10579.314
2015-02-08,5883.869
2015-02-09,5006.771
2015-02-10,5216.765
2015-02-11,6633.555
2015-02-12,7675.15
2015-02-13,16887.579
2015-02-14,24057.372
2015-02-15,16867.014
2015-02-16,12482.521
2015-02-17,5627.044
2015-02-18,7509.191
2015-02-19,5474.101
2015-02-20,7615.417
2015-02-21,7312.139
2015-02-22,4737.937
2015-02-23,3610.646
2015-02-24,3750.878
2015-02-25,4881.237
2015-02-26,3703.716
2015-02-27,8293.824
2015-02-28,9960.461
2015-03-01,6085.945
2015-03-02,6202.304
2015-03-03,4954.225
2015-03-04,5804.139
2015-03-05,5637.755
2015-03-06,10180.554
2015-03-07,11983.561
2015-03-08,6004.776
2015-03-09,5407.099
2015-03-10,5468.834
2015-03-11,5671.075
2015-03-12,5990.353
2015-03-13,9923.888
2015-03-14,10965.612
2015-03-15,6220.804
2015-03-16,5591.653
2015-03-17,4831.371
2015-03-18,5362.23
2015-03-19,5554.84
2015-03-20,9722.615
2015-03-21,11349.565
2015-03-22,5964.224
2015-03-23,6247.917
2015-03-24,5022.435
2015-03-25,5487.131
2015-03-26,5887.816
2015-03-27,10501.247
2015-03-28,11446.766
2015-03-29,5965.686
2015-03-30,6175.027
2015-03-31,6126.833
2015-04-01,9943.423
2015-04-02,14082.778
2015-04-03,18412.203
2015-04-04,13262.94
2015-04-05,4861.785
2015-04-06,5465.028
2015-04-07,5395.843
2015-04-08,5349.485
2015-04-09,5188.491
2015-04-10,9081.28
2015-04-11,9778.329
2015-04-12,4949.514
2015-04-13,5351.047
2015-04-14,4242.604
2015-04-15,5357.953
2015-04-16,4832.353
2015-04-17,9085.044
2015-04-18,10086.322
2015-04-19,4536.088
2015-04-20,4878.414
2015-04-21,4204.435
2015-04-22,4705.091
2015-04-23,4613.593
2015-04-24,8428.099
2015-04-25,10759.472
2015-04-26,5230.6720000000005
2015-04-27,4350.585
2015-04-28,3785.526
2015-04-29,6052.369
2015-04-30,8921.054
2015-05-01,18413.488
2015-05-02,11367.191
2015-05-03,4642.159
2015-05-04,4076.148
2015-05-05,3724.976
2015-05-06,4252.417
2015-05-07,3613.798
2015-05-08,4852.759
2015-05-09,5703.231
2015-05-10,3734.938
2015-05-11,3694.507
2015-05-12,3448.292
2015-05-13,4093.867
2015-05-14,3823.009
2015-05-15,5290.998
2015-05-16,6071.152
2015-05-17,4560.782
2015-05-18,3637.493
2015-05-19,3226.471
2015-05-20,3944.087
2015-05-21,4011.359
2015-05-22,5150.734
2015-05-23,6195.25
2015-05-24,4554.655
2015-05-25,3769.207
2015-05-26,3675.074
2015-05-27,4178.127
2015-05-28,3501.345
2015-05-29,6252.493
2015-05-30,7902.739
2015-05-31,5893.445
2015-06-01,4835.403
2015-06-02,5160.379
2015-06-03,7124.323
2015-06-04,5034.373
2015-06-05,6439.143
2015-06-06,7500.833
2015-06-07,6320.235
2015-06-08,5911.974
2015-06-09,4369.434
2015-06-10,6292.879
2015-06-11,4500.744
2015-06-12,6894.949
2015-06-13,7815.155
2015-06-14,6282.871
2015-06-15,5609.551
2015-06-16,4354.503
2015-06-17,6801.877
2015-06-18,4422.942
2015-06-19,7216.667
2015-06-20,7586.546
2015-06-21,5906.776
2015-06-22,6190.802
2015-06-23,5258.634
2015-06-24,5632.186
2015-06-25,4723.655
2015-06-26,6850.407
2015-06-27,8478.06
2015-06-28,5624.861
2015-06-29,4909.229
2015-06-30,5225.235
2015-07-01,7416.053
2015-07-02,4699.267
2015-07-03,8222.993
2015-07-04,10260.679
2015-07-05,8503.83
2015-07-06,6839.772
2015-07-07,5390.577
2015-07-08,7264.349
2015-07-09,4955.79
2015-07-10,7270.072
2015-07-11,7097.685
2015-07-12,7330.395
2015-07-13,5250.285
2015-07-14,4822.165
2015-07-15,6621.931
2015-07-16,4787.817
2015-07-17,7900.513
2015-07-18,9074.231
2015-07-19,6633.6050000000005
2015-07-20,5406.42
2015-07-21,5541.749
2015-07-22,6947.646
2015-07-23,6069.017
2015-07-24,8670.071
2015-07-25,9694.056
2015-07-26,6580.04
2015-07-27,6225.122
2015-07-28,5494.145
2015-07-29,6683.399
2015-07-30,5125.279
2015-07-31,8472.172
2015-08-01,11353.155
2015-08-02,8084.883
2015-08-03,7713.132
2015-08-04,6855.006
2015-08-05,8618.272
2015-08-06,5933.622
2015-08-07,13066.049
2015-08-08,22199.616
2015-08-09,14191.606
2015-08-10,8180.936
2015-08-11,7869.766
2015-08-12,8376.553
2015-08-13,5898.416
2015-08-14,6523.81
2015-08-15,9533.637
2015-08-16,7371.584
2015-08-17,5664.7210000000005
2015-08-18,5325.753
2015-08-19,7673.281
2015-08-20,5807.094
2015-08-21,8313.731
2015-08-22,9222.063
2015-08-23,6900.706
2015-08-24,5676.559
2015-08-25,4701.312
2015-08-26,6343.282
2015-08-27,4846.258
2015-08-28,6924.23
2015-08-29,7977.508
2015-08-30,5428.198
2015-08-31,5139.538
2015-09-01,5272.079
2015-09-02,8019.967
2015-09-03,4467.244
2015-09-04,6475.37
2015-09-05,7658.166
2015-09-06,5238.618
2015-09-07,4706.455
2015-09-08,5211.73
2015-09-09,6346.252
2015-09-10,4816.217
2015-09-11,5923.518
2015-09-12,7647.892
2015-09-13,5363.772
2015-09-14,4698.774
2015-09-15,4388.979
2015-09-16,6587.351
2015-09-17,4742.413
2015-09-18,6836.715
2015-09-19,6910.496
2015-09-20,4936.276
2015-09-21,5369.507
2015-09-22,3889.584
2015-09-23,6509.261
2015-09-24,4722.558
2015-09-25,6896.823
2015-09-26,7285.917
2015-09-27,5361.509
2015-09-28,4686.376
2015-09-29,4024.486
2015-09-30,5690.733
2015-10-01,5993.671
2015-10-02,8573.41
2015-10-03,9365.103
2015-10-04,7485.016
2015-10-05,7087.921
2015-10-06,5972.272
2015-10-07,9784.441
2015-10-08,12436.447
2015-10-09,21424.754
2015-10-10,13443.006
2015-10-11,6869.171
2015-10-12,5660.8
2015-10-13,4581.019
2015-10-14,6235.496
2015-10-15,5188.804
2015-10-16,6928.162
2015-10-17,7212.427
2015-10-18,5146.757
2015-10-19,4891.266
2015-10-20,4550.372
2015-10-21,6411.51
2015-10-22,4298.511
2015-10-23,6343.288
2015-10-24,6156.091
2015-10-25,5064.257
2015-10-26,5167.586
2015-10-27,4942.004
2015-10-28,7230.571
2015-10-29,6308.057
2015-10-30,12851.464
2015-10-31,23558.58
2015-11-01,19825.305
2015-11-02,11690.558
2015-11-03,7971.895
2015-11-04,7384.849
2015-11-05,4630.186
2015-11-06,6010.284
2015-11-07,6584.403
2015-11-08,4987.013
2015-11-09,4610.131
2015-11-10,3190.013
2015-11-11,6812.046
2015-11-12,4634.87
2015-11-13,6339.421
2015-11-14,7006.485
2015-11-15,6374.252
2015-11-16,5206.024
2015-11-17,4345.759
2015-11-18,5905.397
2015-11-19,4142.005
2015-11-20,5950.307
2015-11-21,6563.186
2015-11-22,5219.792
2015-11-23,5607.488
2015-11-24,4858.728
2015-11-25,6394.095
2015-11-26,4494.399
2015-11-27,7371.573
2015-11-28,7556.853
2015-11-29,5558.514
2015-11-30,6309.418
2015-12-01,5786.473
2015-12-02,8047.459
2015-12-03,5688.694
2015-12-04,7221.896
2015-12-05,6532.15
2015-12-06,6966.796
2015-12-07,5510.706
2015-12-08,5077.241
2015-12-09,7326.121
2015-12-10,4924.767
2015-12-11,7214.435
2015-12-12,7333.946
2015-12-13,7185.628
2015-12-14,5789.618
2015-12-15,7628.962
2015-12-16,7701.773
2015-12-17,5938.716
2015-12-18,10296.063
2015-12-19,9736.293
2015-12-20,7560.921
2015-12-21,8094.054
2015-12-22,9545.353
2015-12-23,12284.629
2015-12-24,10590.875
2015-12-25,18277.133
2015-12-26,25963.391
2015-12-27,21101.115
2015-12-28,21941.24
2015-12-29,26573.975
2015-12-30,35315.079
2015-12-31,34061.519
2016-01-01,16433.394
2016-01-02,19655.15
2016-01-03,9011.891
2016-01-04,8681.174
2016-01-05,6518.812
2016-01-06,8925.823
2016-01-07,5742.918
2016-01-08,8860.781
2016-01-09,10407.142
2016-01-10,7172.088
2016-01-11,6191.655
2016-01-12,4420.095
2016-01-13,7029.801
2016-01-14,4666.068
2016-01-15,9677.275
2016-01-16,11817.342
2016-01-17,6549.948
2016-01-18,6563.806
2016-01-19,5156.436
2016-01-20,7015.623
2016-01-21,5355.853
2016-01-22,10370.342
2016-01-23,10677.371
2016-01-24,6365.368
2016-01-25,5935.524
2016-01-26,5167.964
2016-01-27,7300.491
2016-01-28,5716.472
2016-01-29,9032.304
2016-01-30,12358.511
2016-01-31,7686.001
2016-02-01,7406.889
2016-02-02,7530.15
2016-02-03,11287.382
2016-02-04,12253.94
2016-02-05,27208.098
2016-02-06,37484.34
2016-02-07,27994.232
2016-02-08,18360.071
2016-02-09,8176.902
2016-02-10,13307.187
2016-02-11,9354.355
2016-02-12,12057.813
2016-02-13,12327.811
2016-02-14,6722.031
2016-02-15,6940.96
2016-02-16,6252.141
2016-02-17,9409.168
2016-02-18,7849.205
2016-02-19,13121.048
2016-02-20,15408.241
2016-02-21,7286.227
2016-02-22,8614.079
2016-02-23,5900.234
2016-02-24,7911.555
2016-02-25,7216.188
2016-02-26,13332.157
2016-02-27,14377.847
2016-02-28,8584.685
2016-02-29,6825.37
2016-03-01,8175.59
2016-03-02,9866.874
2016-03-03,7472.913
2016-03-04,15339.916
2016-03-05,15035.798999999999
2016-03-06,7836.028
2016-03-07,7543.022
2016-03-08,7065.478
2016-03-09,9431.355
2016-03-10,7140.754
2016-03-11,13300.0
2016-03-12,15151.86
2016-03-13,7242.147
2016-03-14,8160.498
2016-03-15,6322.479
2016-03-16,10472.747
2016-03-17,7532.357
2016-03-18,13668.854
2016-03-19,15639.259
2016-03-20,8797.522
2016-03-21,9966.168
2016-03-22,9048.294
2016-03-23,15198.374
2016-03-24,19885.867
2016-03-25,24080.438
2016-03-26,16996.028
2016-03-27,7757.062
2016-03-28,7777.736
2016-03-29,6996.47
2016-03-30,8122.929
2016-03-31,7103.983
2016-04-01,14881.963
2016-04-02,13809.385
2016-04-03,7916.979
2016-04-04,7650.376
2016-04-05,6034.067
2016-04-06,9010.197
2016-04-07,6490.372
2016-04-08,12750.254
2016-04-09,14467.329
2016-04-10,7687.116
2016-04-11,6819.403
2016-04-12,6123.243
2016-04-13,8806.326
2016-04-14,6414.112
2016-04-15,11861.461
2016-04-16,11937.991
2016-04-17,9686.043
2016-04-18,7380.533
2016-04-19,6137.279
2016-04-20,7748.197
2016-04-21,7214.406
2016-04-22,8557.765
2016-04-23,7780.396
2016-04-24,4624.962
2016-04-25,5288.097
2016-04-26,4061.481
2016-04-27,6476.472
2016-04-28,5060.114
2016-04-29,8335.857
2016-04-30,8482.821
2016-05-01,5934.775
2016-05-02,5260.052
2016-05-03,4745.195
2016-05-04,6564.197
2016-05-05,4935.669
2016-05-06,6336.359
2016-05-07,7662.197
2016-05-08,5172.543
2016-05-09,5088.823
2016-05-10,4360.955
2016-05-11,6119.013
2016-05-12,4168.817
2016-05-13,6513.508
2016-05-14,7953.036
2016-05-15,5924.269
2016-05-16,5120.449
2016-05-17,4443.239
2016-05-18,6032.886
2016-05-19,4320.009
2016-05-20,6703.508
2016-05-21,7537.173
2016-05-22,5315.028
2016-05-23,4750.379
2016-05-24,3801.368
2016-05-25,6488.142
2016-05-26,9077.21
2016-05-27,21298.718
2016-05-28,11666.416
2016-05-29,6704.515
2016-05-30,4764.556
2016-05-31,5293.124
2016-06-01,6324.957
2016-06-02,4554.596
2016-06-03,6737.555
2016-06-04,6663.33
2016-06-05,5532.393
2016-06-06,4293.141
2016-06-07,3846.389
2016-06-08,5975.209
2016-06-09,3601.606
2016-06-10,7042.031
2016-06-11,6836.65
2016-06-12,6458.741
2016-06-13,5387.855
2016-06-14,4195.181
2016-06-15,6380.344
2016-06-16,4514.811
2016-06-17,6247.541
2016-06-18,7211.335
2016-06-19,5287.096
2016-06-20,5070.324
2016-06-21,4877.158
2016-06-22,6555.218
2016-06-23,4541.482
2016-06-24,6647.298
2016-06-25,7969.812
2016-06-26,5810.907
2016-06-27,5461.461
2016-06-28,4703.683
2016-06-29,5967.921
2016-06-30,4565.29
2016-07-01,8772.897
2016-07-02,9866.115
2016-07-03,6184.975
2016-07-04,5394.131
2016-07-05,4362.747
2016-07-06,7114.347
2016-07-07,5134.583
2016-07-08,7797.417
2016-07-09,8766.912
2016-07-10,6014.314
2016-07-11,5745.868
2016-07-12,4760.348
2016-07-13,6504.166
2016-07-14,4994.295
2016-07-15,7901.348
2016-07-16,9084.042
2016-07-17,6530.831
2016-07-18,5741.082
2016-07-19,4663.139
2016-07-20,7789.109
2016-07-21,5157.161
2016-07-22,9415.771
2016-07-23,14689.719
2016-07-24,9822.234
2016-07-25,7389.733
2016-07-26,5572.828
2016-07-27,7377.022
2016-07-28,5269.32
2016-07-29,8130.108
2016-07-30,9244.797
2016-07-31,6857.017
2016-08-01,7762.552
2016-08-02,6201.508
2016-08-03,8145.409
2016-08-04,6026.854
2016-08-05,7928.06
2016-08-06,9565.634
2016-08-07,6780.014
2016-08-08,7994.227
2016-08-09,6670.234
2016-08-10,9307.653
2016-08-11,11377.121
2016-08-12,21941.203
2016-08-13,15623.42
2016-08-14,7680.781
2016-08-15,7985.973
2016-08-16,6576.032
2016-08-17,7418.188
2016-08-18,5667.649
2016-08-19,8460.814
2016-08-20,7762.156
2016-08-21,6258.49
2016-08-22,6358.2338208955225
2016-08-23,6457.977641791044
2016-08-24,6557.721462686567
2016-08-25,6657.46528358209
2016-08-26,6757.209104477612
2016-08-27,6856.952925373134
2016-08-28,6956.696746268657
2016-08-29,7056.440567164179
2016-08-30,7156.184388059702
2016-08-31,7255.928208955223
2016-09-01,7355.672029850746
2016-09-02,7455.415850746269
2016-09-03,7555.159671641791
2016-09-04,7654.9034925373135
2016-09-05,7754.647313432835
2016-09-06,7854.391134328358
2016-09-07,7954.134955223881
2016-09-08,8053.8787761194035
2016-09-09,8153.622597014925
2016-09-10,8253.366417910447
2016-09-11,8353.11023880597
2016-09-12,8452.854059701493
2016-09-13,8552.597880597015
2016-09-14,8652.341701492538
2016-09-15,8752.08552238806
2016-09-16,8851.829343283582
2016-09-17,8951.573164179104
2016-09-18,9051.316985074627
2016-09-19,9151.06080597015
2016-09-20,9250.804626865673
2016-09-21,9350.548447761194
2016-09-22,9450.292268656716
2016-09-23,9550.036089552239
2016-09-24,9649.779910447762
2016-09-25,9749.523731343284
2016-09-26,9849.267552238805
2016-09-27,9949.011373134328
2016-09-28,10048.75519402985
2016-09-29,10148.499014925374
2016-09-30,10248.242835820896
2016-10-01,10347.986656716419
2016-10-02,10447.730477611942
2016-10-03,10547.474298507463
2016-10-04,10647.218119402985
2016-10-05,10746.961940298508
2016-10-06,10846.705761194029
2016-10-07,10946.449582089554
2016-10-08,11046.193402985074
2016-10-09,11145.937223880597
2016-10-10,11245.68104477612
2016-10-11,11345.424865671643
2016-10-12,11445.168686567165
2016-10-13,11544.912507462686
2016-10-14,11644.65632835821
2016-10-15,11744.400149253732
2016-10-16,11844.143970149255
2016-10-17,11943.887791044777
2016-10-18,12043.631611940298
2016-10-19,12143.375432835823
2016-10-20,12243.119253731344
2016-10-21,12342.863074626866
2016-10-22,12442.60689552239
2016-10-23,12542.35071641791
2016-10-24,12642.094537313435
2016-10-25,12741.838358208955
2016-10-26,12841.582179104478
2016-10-27,12941.326000000001
2016-10-28,10462.357
2016-10-29,11619.294
2016-10-30,10947.622
2016-10-31,9869.398
2016-11-01,13574.6
2016-11-02,32651.703
2016-11-03,24650.161
2016-11-04,19360.154
2016-11-05,12954.021
2016-11-06,6514.647
2016-11-07,8721.771
2016-11-08,6871.637
2016-11-09,8002.454
2016-11-10,5462.212
2016-11-11,6135.193
2016-11-12,8404.064
2016-11-13,8203.671
2016-11-14,5752.726
2016-11-15,5110.567
2016-11-16,7619.199
2016-11-17,4739.772
2016-11-18,7269.016
2016-11-19,8518.311
2016-11-20,7063.834
2016-11-21,6065.914
2016-11-22,5719.468
2016-11-23,7105.343
2016-11-24,4468.321
2016-11-25,7813.782
2016-11-26,7786.217
2016-11-27,7136.676
2016-11-28,4793.775
2016-11-29,4506.222
2016-11-30,6577.06
2016-12-01,6108.205
2016-12-02,7218.747
2016-12-03,8504.643
2016-12-04,7303.893
2016-12-05,6212.892
2016-12-06,4549.988
2016-12-07,6967.852
2016-12-08,4460.11
2016-12-09,6931.283
2016-12-10,8712.712
2016-12-11,7032.874
2016-12-12,6259.197
2016-12-13,5071.246
2016-12-14,8419.456
2016-12-15,6427.977
2016-12-16,7783.862
2016-12-17,9005.592
2016-12-18,9726.076000000001
2016-12-19,7900.352
2016-12-20,7737.604
2016-12-21,11219.789
2016-12-22,10551.818
2016-12-23,13375.849
2016-12-24,12310.469
2016-12-25,17696.6575
2016-12-26,23082.846
2016-12-27,22548.964
2016-12-28,29750.092
2016-12-29,28552.95
2016-12-30,37096.791
2016-12-31,33025.686
2017-01-01,12082.501
2017-01-02,12856.309
2017-01-03,10151.416
2017-01-04,10568.078
2017-01-05,7351.635
2017-01-06,9722.868
2017-01-07,11052.964
2017-01-08,8295.36
2017-01-09,6932.362
2017-01-10,6364.512
2017-01-11,8383.105
2017-01-12,7099.904
2017-01-13,11632.461
2017-01-14,13588.312
2017-01-15,8991.625
2017-01-16,7084.842
2017-01-17,6431.416
2017-01-18,8279.134
2017-01-19,5918.672
2017-01-20,11599.571
2017-01-21,14074.426
2017-01-22,8054.509
2017-01-23,6924.589
2017-01-24,5887.931
2017-01-25,9533.676
2017-01-26,6414.675
2017-01-27,11353.972
2017-01-28,15264.781
2017-01-29,8448.48
2017-01-30,6923.771
2017-01-31,6281.362
2017-02-01,9877.274
2017-02-02,7093.497
2017-02-03,13212.331
2017-02-04,16576.162
2017-02-05,10882.528
2017-02-06,8014.85
2017-02-07,6802.528
2017-02-08,8069.781
2017-02-09,6856.564
2017-02-10,13225.247
2017-02-11,14601.695
2017-02-12,8899.267
2017-02-13,7797.629
2017-02-14,6514.623
2017-02-15,8088.503
2017-02-16,6856.664
2017-02-17,9003.296
2017-02-18,8130.373
2017-02-19,4863.748
2017-02-20,7245.353
2017-02-21,7621.96
2017-02-22,11326.294
2017-02-23,11545.914
2017-02-24,25383.2
2017-02-25,39140.267
2017-02-26,29087.078
2017-02-27,20828.467
2017-02-28,10656.864
2017-03-01,14691.821
2017-03-02,9113.609
2017-03-03,14041.287
2017-03-04,14373.134
2017-03-05,8751.028
2017-03-06,7048.106
2017-03-07,6323.371
2017-03-08,11219.708
2017-03-09,8479.608
2017-03-10,15381.609
2017-03-11,16584.107
2017-03-12,9441.185
2017-03-13,9900.159
2017-03-14,8217.262
2017-03-15,10426.07
2017-03-16,8777.444
2017-03-17,16570.382
2017-03-18,18478.057
2017-03-19,11008.051
2017-03-20,10310.952
2017-03-21,8344.061
2017-03-22,10856.835
2017-03-23,9581.081
2017-03-24,14164.541
2017-03-25,17197.757
2017-03-26,9995.856
2017-03-27,9180.594
2017-03-28,7751.876
2017-03-29,10741.253
2017-03-30,7158.393
2017-03-31,9798.199
2017-04-01,8789.744
2017-04-02,6321.151
2017-04-03,6960.989
2017-04-04,8184.951
2017-04-05,9795.508
2017-04-06,8175.05
2017-04-07,13914.562
2017-04-08,15420.637
2017-04-09,9419.063
2017-04-10,10555.326
2017-04-11,7850.831
2017-04-12,15192.106
2017-04-13,20371.3
2017-04-14,26392.46
2017-04-15,16668.323
2017-04-16,7611.328
2017-04-17,7976.88
2017-04-18,6403.614
2017-04-19,8336.097
2017-04-20,7129.81
2017-04-21,10865.469
2017-04-22,10476.394
2017-04-23,7392.18
2017-04-24,7434.126
2017-04-25,6003.3
2017-04-26,8727.536
2017-04-27,6103.55
2017-04-28,14215.287
2017-04-29,20751.561
2017-04-30,13538.396
2017-05-01,9769.065
2017-05-02,6343.2
2017-05-03,7816.164
2017-05-04,5121.199
2017-05-05,7487.157
2017-05-06,8797.563
2017-05-07,7948.229
2017-05-08,5781.673
2017-05-09,4995.789
2017-05-10,7323.393
2017-05-11,4833.914
2017-05-12,7797.838
2017-05-13,8088.388
2017-05-14,6564.868
2017-05-15,6283.828
2017-05-16,5843.878
2017-05-17,7466.62
2017-05-18,4462.867
2017-05-19,8148.928
2017-05-20,9188.677
2017-05-21,7331.439
2017-05-22,6684.427
2017-05-23,5577.553
2017-05-24,8485.195
2017-05-25,9317.677
2017-05-26,24358.378
2017-05-27,14815.203
2017-05-28,8687.682
2017-05-29,6307.413
2017-05-30,5507.562
2017-05-31,8576.2
2017-06-01,5678.645
2017-06-02,8513.75
2017-06-03,9753.867
2017-06-04,7656.335
2017-06-05,6086.761
2017-06-06,5680.804
2017-06-07,7464.001
2017-06-08,5316.011
2017-06-09,8293.554
2017-06-10,8761.535
2017-06-11,7096.73
2017-06-12,5707.693
2017-06-13,4738.162
2017-06-14,6585.833
2017-06-15,5642.495
2017-06-16,7386.881
2017-06-17,8904.658
2017-06-18,6358.18
2017-06-19,5983.207
2017-06-20,5498.804
2017-06-21,7716.1
2017-06-22,5254.673
2017-06-23,7451.055
2017-06-24,8053.528
2017-06-25,7264.043
2017-06-26,5743.376
2017-06-27,5381.767
2017-06-28,7597.2
2017-06-29,5617.192
2017-06-30,7954.54
2017-07-01,10672.455
2017-07-02,8452.498
2017-07-03,7227.78
2017-07-04,5232.484
2017-07-05,8283.118
2017-07-06,6279.385
2017-07-07,8190.944
2017-07-08,8497.889
2017-07-09,7384.962
2017-07-10,5537.375
2017-07-11,4645.235
2017-07-12,7718.607
2017-07-13,5951.397
2017-07-14,8899.606
2017-07-15,8805.529
2017-07-16,7969.4
2017-07-17,6412.521
2017-07-18,6160.537
2017-07-19,8160.746
2017-07-20,6636.868
2017-07-21,9902.249
2017-07-22,14525.664
2017-07-23,13027.801
2017-07-24,7059.936
2017-07-25,6433.769
2017-07-26,8075.49
2017-07-27,6189.677
2017-07-28,8492.584
2017-07-29,9580.303
2017-07-30,8449.234
2017-07-31,7451.673
2017-08-01,7937.218
2017-08-02,10136.327
2017-08-03,6873.802
2017-08-04,9276.89
2017-08-05,9910.015
2017-08-06,8064.109
2017-08-07,7527.348
2017-08-08,6025.029
2017-08-09,9707.858
2017-08-10,10781.434
2017-08-11,22800.841
2017-08-12,15090.753
2017-08-13,8570.598
2017-08-14,8244.854
2017-08-15,6522.788
