,date,close,volume
0,2023-08-16,3.6955,24.828
1,2023-08-15,3.7055,28.615
2,2023-08-14,3.7255,71.383
3,2023-08-11,3.719,90.906
4,2023-08-10,3.765,77.588
5,2023-08-09,3.7835,81.75
6,2023-08-08,3.7665,132.722
7,2023-08-07,3.835,68.024
8,2023-08-04,3.8675,77.591
9,2023-08-03,3.8995,79.235
10,2023-08-02,3.8435,87.403
11,2023-08-01,3.9085,107.871
12,2023-07-31,4.008,110.755
13,2023-07-28,3.9265,59.113
14,2023-07-27,3.8755,74.533
15,2023-07-26,3.902,63.561
16,2023-07-25,3.9155,83.87
17,2023-07-24,3.8555,74.159
18,2023-07-21,3.818,58.653
19,2023-07-20,3.8345,67.875
20,2023-07-19,3.814,53.823
21,2023-07-18,3.8295,60.01
22,2023-07-17,3.844,77.457
23,2023-07-14,3.933,75.249
24,2023-07-13,3.94,101.368
25,2023-07-12,3.853,76.124
26,2023-07-11,3.766,62.484
27,2023-07-10,3.7845,46.054
28,2023-07-07,3.782,50.982
29,2023-07-06,3.7345,59.257
30,2023-07-05,3.7685,69.673
31,2023-07-03,3.794,46.63
32,2023-06-30,3.7595,56.833
33,2023-06-29,3.699,72.759
34,2023-06-28,3.7425,57.293
35,2023-06-27,3.7885,49.705
36,2023-06-26,3.8045,50.787
37,2023-06-23,3.8155,42.993
38,2023-06-22,3.9005,42.227
39,2023-06-21,3.9105,45.393
40,2023-06-20,3.8935,42.293
41,2023-06-16,3.8985,30.586
42,2023-06-15,3.904,34.3
43,2023-06-14,3.87,87.274
44,2023-06-13,3.831,111.636
45,2023-06-12,3.752,74.925
46,2023-06-09,3.789,80.603
47,2023-06-08,3.795,81.614
48,2023-06-07,3.756,91.285
49,2023-06-06,3.7685,60.677
50,2023-06-05,3.768,78.393
51,2023-06-02,3.7275,80.467
52,2023-06-01,3.711,84.617
53,2023-05-31,3.637,63.622
54,2023-05-30,3.663,86.662
55,2023-05-26,3.682,68.224
56,2023-05-25,3.588,82.048
57,2023-05-24,3.5615,101.397
58,2023-05-23,3.6545,68.236
59,2023-05-22,3.685,54.146
60,2023-05-19,3.732,57.384
61,2023-05-18,3.6895,58.421
62,2023-05-17,3.7545,80.717
63,2023-05-16,3.667,71.339
64,2023-05-15,3.751,57.855
65,2023-05-12,3.7285,78.256
66,2023-05-11,3.71,126.841
67,2023-05-10,3.841,74.698
68,2023-05-09,3.9015,44.556
69,2023-05-08,3.9295,38.479
70,2023-05-05,3.883,58.539
71,2023-05-04,3.863,66.121
72,2023-05-03,3.845,49.04
73,2023-05-02,3.8625,55.953
74,2023-05-01,3.934,56.866
75,2023-04-28,3.8905,55.72
76,2023-04-27,3.884,79.742
77,2023-04-26,3.8615,70.606
78,2023-04-25,3.865,80.282
79,2023-04-24,3.9645,44.517
80,2023-04-21,3.9865,37.425
81,2023-04-20,4.0325,31.025
82,2023-04-19,4.081,27.218
83,2023-04-18,4.0965,22.929
84,2023-04-17,4.0695,27.789
85,2023-04-14,4.1065,98.124
86,2023-04-13,4.124,88.437
87,2023-04-12,4.081,88.325
88,2023-04-11,4.0195,81.243
89,2023-04-10,3.9765,53.745
90,2023-04-06,4.0155,86.075
91,2023-04-05,3.9865,65.931
92,2023-04-04,3.971,80.297
93,2023-04-03,4.0455,62.12
94,2023-03-31,4.0945,73.812
95,2023-03-30,4.0915,69.159
96,2023-03-29,4.0865,73.054
97,2023-03-28,4.0855,75.067
98,2023-03-27,4.0785,65.558
99,2023-03-24,4.075,82.229
100,2023-03-23,4.1235,77.824
101,2023-03-22,4.0445,77.119
102,2023-03-21,3.994,68.041
103,2023-03-20,3.9515,71.946
104,2023-03-17,3.8925,69.462
105,2023-03-16,3.8645,83.498
106,2023-03-15,3.843,127.731
107,2023-03-14,4.003,66.491
108,2023-03-13,4.0535,130.47
109,2023-03-10,4.0305,82.641
110,2023-03-09,4.039,51.881
111,2023-03-08,4.027,76.997
112,2023-03-07,3.975,75.906
113,2023-03-06,4.0885,61.755
114,2023-03-03,4.067,49.126
115,2023-03-02,4.076,78.808
116,2023-03-01,4.16,85.76
117,2023-02-28,4.0895,69.374
118,2023-02-27,4.011,81.802
119,2023-02-24,3.953,79.043
120,2023-02-23,4.056,55.457
121,2023-02-22,4.185,49.74
122,2023-02-21,4.212,68.551
123,2023-02-17,4.105,30.848
124,2023-02-16,4.1215,49.78
125,2023-02-15,4.0105,99.011
126,2023-02-14,4.075,92.055
127,2023-02-13,4.0575,71.299
128,2023-02-10,4.0165,82.806
129,2023-02-09,4.097,92.947
130,2023-02-08,4.0355,81.513
131,2023-02-07,4.0805,83.856
132,2023-02-06,4.035,73.083
133,2023-02-03,4.0565,88.795
134,2023-02-02,4.091,80.014
135,2023-02-01,4.111,83.786
136,2023-01-31,4.226,80.321
137,2023-01-30,4.202,62.018
138,2023-01-27,4.2225,62.437
139,2023-01-26,4.2675,55.006
140,2023-01-25,4.2445,49.279
141,2023-01-24,4.2485,48.71
142,2023-01-23,4.2565,55.511
143,2023-01-20,4.2515,58.148
144,2023-01-19,4.2315,76.89
145,2023-01-18,4.2345,101.868
146,2023-01-17,4.223,110.839
147,2023-01-13,4.216,66.225
148,2023-01-12,4.1965,94.198
149,2023-01-11,4.166,83.871
150,2023-01-10,4.0775,68.188
151,2023-01-09,4.0265,99.135
152,2023-01-06,3.911,94.873
153,2023-01-05,3.821,75.229
154,2023-01-04,3.7405,78.234
155,2023-01-03,3.7665,81.321
156,2022-12-30,3.8105,41.375
157,2022-12-29,3.824,35.958
158,2022-12-28,3.8425,41.598
159,2022-12-27,3.8405,46.661
160,2022-12-23,3.809,36.816
161,2022-12-22,3.757,43.33
162,2022-12-21,3.81,38.236
163,2022-12-20,3.799,54.252
164,2022-12-19,3.783,37.311
165,2022-12-16,3.7615,44.418
166,2022-12-15,3.763,59.555
167,2022-12-14,3.878,48.762
168,2022-12-13,3.842,66.843
169,2022-12-12,3.8005,44.17
170,2022-12-09,3.8785,50.205
171,2022-12-08,3.8835,48.411
172,2022-12-07,3.8605,50.751
173,2022-12-06,3.818,51.46
174,2022-12-05,3.795,57.509
175,2022-12-02,3.8505,58.838
176,2022-12-01,3.8175,58.078
177,2022-11-30,3.738,79.133
178,2022-11-29,3.6395,53.96
179,2022-11-28,3.6155,53.512
180,2022-11-25,3.6305,37.879
181,2022-11-23,3.6185,29.414
182,2022-11-22,3.6145,33.592
183,2022-11-21,3.576,31.441
184,2022-11-18,3.6415,27.265
185,2022-11-17,3.694,24.538
186,2022-11-16,3.7735,26.816
187,2022-11-15,3.8195,36.813
188,2022-11-14,3.8275,36.734
189,2022-11-11,3.9135,108.044
190,2022-11-10,3.758,93.416
191,2022-11-09,3.7,96.93
192,2022-11-08,3.6825,92.668
193,2022-11-07,3.6035,95.069
194,2022-11-04,3.6865,159.86
195,2022-11-03,3.427,82.769
196,2022-11-02,3.4685,70.962
197,2022-11-01,3.4725,78.213
198,2022-10-31,3.375,64.017
199,2022-10-28,3.429,72.287
200,2022-10-27,3.5195,78.732
201,2022-10-26,3.545,95.737
202,2022-10-25,3.397,58.3
203,2022-10-24,3.4305,69.168
204,2022-10-21,3.4745,83.358
205,2022-10-20,3.4105,76.167
206,2022-10-19,3.318,63.299
207,2022-10-18,3.362,70.998
208,2022-10-17,3.4155,55.405
209,2022-10-14,3.4235,68.424
210,2022-10-13,3.4405,83.408
211,2022-10-12,3.425,55.113
212,2022-10-11,3.462,58.732
213,2022-10-10,3.4305,56.873
214,2022-10-07,3.3865,51.264
215,2022-10-06,3.446,66.085
216,2022-10-05,3.5005,58.556
217,2022-10-04,3.49,74.157
218,2022-10-03,3.41,48.555
219,2022-09-30,3.4125,72.148
220,2022-09-29,3.418,85.136
221,2022-09-28,3.3585,83.239
222,2022-09-27,3.2835,61.284
223,2022-09-26,3.2945,84.989
224,2022-09-23,3.343,92.548
225,2022-09-22,3.471,62.154
226,2022-09-21,3.467,61.533
227,2022-09-20,3.503,47.612
228,2022-09-19,3.5125,44.668
229,2022-09-16,3.5165,59.945
230,2022-09-15,3.49,57.203
231,2022-09-14,3.5195,55.52
232,2022-09-13,3.5555,82.007
233,2022-09-12,3.6105,51.264
234,2022-09-09,3.568,71.651
235,2022-09-08,3.527,74.382
236,2022-09-07,3.4305,61.33
237,2022-09-06,3.462,95.683
238,2022-09-02,3.4135,65.091
239,2022-09-01,3.4065,64.617
240,2022-08-31,3.5185,80.023
241,2022-08-30,3.551,72.59
242,2022-08-29,3.6105,49.329
243,2022-08-26,3.697,50.263
244,2022-08-25,3.698,33.495
245,2022-08-24,3.648,34.525
246,2022-08-23,3.6915,41.409
247,2022-08-22,3.6535,32.02
248,2022-08-19,3.671,28.022
249,2022-08-18,3.636,27.771
250,2022-08-17,3.59,18.692
251,2022-08-16,3.6245,50.196
252,2022-08-15,3.6175,61.313
253,2022-08-12,3.6685,55.26
254,2022-08-11,3.7065,67.851
255,2022-08-10,3.6495,66.268
256,2022-08-09,3.5855,51.994
257,2022-08-08,3.5865,61.005
258,2022-08-05,3.552,66.15
259,2022-08-04,3.4815,55.569
260,2022-08-03,3.467,54.061
261,2022-08-02,3.5185,63.618
262,2022-08-01,3.5425,64.152
263,2022-07-29,3.5735,71.089
264,2022-07-28,3.4745,64.501
265,2022-07-27,3.43,55.686
266,2022-07-26,3.3845,62.914
267,2022-07-25,3.3545,53.939
268,2022-07-22,3.3495,59.717
269,2022-07-21,3.2985,53.021
270,2022-07-20,3.325,59.892
271,2022-07-19,3.291,54.659
272,2022-07-18,3.346,60.737
273,2022-07-15,3.234,75.095
274,2022-07-14,3.2115,69.554
275,2022-07-13,3.3225,84.522
276,2022-07-12,3.288,59.462
277,2022-07-11,3.4305,58.609
278,2022-07-08,3.522,56.309
279,2022-07-07,3.572,87.618
280,2022-07-06,3.408,79.351
281,2022-07-05,3.415,105.356
282,2022-07-01,3.604,66.572
283,2022-06-30,3.71,54.001
284,2022-06-29,3.7805,48.573
285,2022-06-28,3.78,54.667
286,2022-06-27,3.766,45.096
287,2022-06-24,3.7445,50.086
288,2022-06-23,3.7465,47.095
289,2022-06-22,3.95,45.308
290,2022-06-21,4.0485,47.58
291,2022-06-17,4.0295,22.989
292,2022-06-16,4.1265,29.239
293,2022-06-15,4.1825,17.131
294,2022-06-14,4.176,26.987
295,2022-06-13,4.228,34.972
296,2022-06-10,4.2945,59.439
297,2022-06-09,4.381,59.489
298,2022-06-08,4.4545,51.281
299,2022-06-07,4.4355,59.19
300,2022-06-06,4.435,61.808
301,2022-06-03,4.472,40.204
302,2022-06-02,4.5525,70.766
303,2022-06-01,4.3285,54.481
304,2022-05-31,4.296,63.465
305,2022-05-27,4.3065,35.919
306,2022-05-26,4.259,40.196
307,2022-05-25,4.2545,43.546
308,2022-05-24,4.305,43.773
309,2022-05-23,4.3455,49.056
310,2022-05-20,4.275,44.325
311,2022-05-19,4.283,54.505
312,2022-05-18,4.1785,44.049
313,2022-05-17,4.239,43.709
314,2022-05-16,4.1915,40.503
315,2022-05-13,4.175,48.767
316,2022-05-12,4.1005,64.834
317,2022-05-11,4.209,52.792
318,2022-05-10,4.1545,55.47
319,2022-05-09,4.1935,64.966
320,2022-05-06,4.267,46.171
321,2022-05-05,4.2915,59.406
322,2022-05-04,4.338,48.275
323,2022-05-03,4.283,50.158
324,2022-05-02,4.268,46.336
325,2022-04-29,4.4085,47.592
326,2022-04-28,4.4335,49.372
327,2022-04-27,4.475,68.97
328,2022-04-26,4.464,56.233
329,2022-04-25,4.472,72.42
330,2022-04-22,4.602,39.825
331,2022-04-21,4.7225,30.996
332,2022-04-20,4.6755,29.776
333,2022-04-19,4.7395,29.236
334,2022-04-18,4.8215,16.255
335,2022-04-14,4.741,15.078
336,2022-04-13,4.7305,24.544
337,2022-04-12,4.7095,55.886
338,2022-04-11,4.634,69.17
339,2022-04-08,4.725,47.155
340,2022-04-07,4.6995,50.418
341,2022-04-06,4.738,56.852
342,2022-04-05,4.795,41.664
343,2022-04-04,4.7815,39.98
344,2022-04-01,4.6885,52.842
345,2022-03-31,4.751,39.372
346,2022-03-30,4.7505,47.38
347,2022-03-29,4.731,36.879
348,2022-03-28,4.7255,44.433
349,2022-03-25,4.6985,35.909
350,2022-03-24,4.7425,40.639
351,2022-03-23,4.7765,32.109
352,2022-03-22,4.7,36.431
353,2022-03-21,4.7105,31.238
354,2022-03-18,4.7395,38.204
355,2022-03-17,4.702,42.68
356,2022-03-16,4.6005,45.139
357,2022-03-15,4.513,45.209
358,2022-03-14,4.523,49.287
359,2022-03-11,4.6255,39.015
360,2022-03-10,4.6525,43.943
361,2022-03-09,4.5725,57.941
362,2022-03-08,4.71,86.439
363,2022-03-07,4.731,94.413
364,2022-03-04,4.9375,93.867
365,2022-03-03,4.7815,88.628
366,2022-03-02,4.6655,78.043
367,2022-03-01,4.5965,67.35
368,2022-02-28,4.4545,57.745
369,2022-02-25,4.485,56.288
370,2022-02-24,4.461,66.868
371,2022-02-23,4.4885,38.768
372,2022-02-22,4.5175,52.135
373,2022-02-18,4.526,22.49
374,2022-02-17,4.528,23.887
375,2022-02-16,4.541,20.911
376,2022-02-15,4.536,17.715
377,2022-02-14,4.508,20.615
378,2022-02-11,4.506,122.741
379,2022-02-10,4.6595,114.431
380,2022-02-09,4.6025,103.91
381,2022-02-08,4.461,71.019
382,2022-02-07,4.4625,62.818
383,2022-02-04,4.4875,56.144
384,2022-02-03,4.471,45.281
385,2022-02-02,4.496,58.704
386,2022-02-01,4.434,56.961
387,2022-01-31,4.3245,61.37
388,2022-01-28,4.31,89.359
389,2022-01-27,4.4235,68.682
390,2022-01-26,4.515,60.836
391,2022-01-25,4.45,53.309
392,2022-01-24,4.4125,77.5
393,2022-01-21,4.524,66.887
394,2022-01-20,4.5825,70.917
395,2022-01-19,4.47,59.021
396,2022-01-18,4.3825,85.526
397,2022-01-14,4.4205,67.752
398,2022-01-13,4.546,60.425
399,2022-01-12,4.5765,103.816
400,2022-01-11,4.429,43.898
401,2022-01-10,4.352,43.739
402,2022-01-07,4.41,44.824
403,2022-01-06,4.3545,55.043
404,2022-01-05,4.4135,50.594
405,2022-01-04,4.475,55.082
406,2022-01-03,4.4215,37.466
407,2021-12-31,4.4635,34.578
408,2021-12-30,4.3925,34.024
409,2021-12-29,4.413,41.973
410,2021-12-28,4.433,35.535
411,2021-12-27,4.472,35.466
412,2021-12-23,4.3925,37.442
413,2021-12-22,4.3915,40.129
414,2021-12-21,4.346,40.79
415,2021-12-20,4.2935,38.816
416,2021-12-17,4.295,36.074
417,2021-12-16,4.3045,59.911
418,2021-12-15,4.1825,81.709
419,2021-12-14,4.2575,37.642
420,2021-12-13,4.284,32.488
421,2021-12-10,4.2865,36.267
422,2021-12-09,4.333,41.167
423,2021-12-08,4.3935,41.524
424,2021-12-07,4.3395,48.265
425,2021-12-06,4.3375,40.588
426,2021-12-03,4.267,42.425
427,2021-12-02,4.299,49.2
428,2021-12-01,4.2475,48.355
429,2021-11-30,4.28,58.204
430,2021-11-29,4.341,54.74
431,2021-11-26,4.291,79.976
432,2021-11-24,4.4705,41.6
433,2021-11-23,4.424,32.546
434,2021-11-22,4.3965,24.583
435,2021-11-19,4.396,28.351
436,2021-11-18,4.305,32.007
437,2021-11-17,4.272,31.383
438,2021-11-16,4.3595,27.279
439,2021-11-15,4.403,20.68
440,2021-11-12,4.445,16.792
441,2021-11-11,4.3935,24.788
442,2021-11-10,4.323,68.944
443,2021-11-09,4.373,65.252
444,2021-11-08,4.399,59.793
445,2021-11-05,4.343,65.146
446,2021-11-04,4.3205,69.382
447,2021-11-03,4.321,75.015
448,2021-11-02,4.366,52.499
449,2021-11-01,4.3935,49.151
450,2021-10-29,4.368,66.973
451,2021-10-28,4.4385,65.898
452,2021-10-27,4.3895,69.638
453,2021-10-26,4.486,57.047
454,2021-10-25,4.528,53.337
455,2021-10-22,4.498,87.878
456,2021-10-21,4.5585,80.807
457,2021-10-20,4.7345,70.338
458,2021-10-19,4.703,72.101
459,2021-10-18,4.7255,74.885
460,2021-10-15,4.7295,93.125
461,2021-10-14,4.6315,89.65
462,2021-10-13,4.516,103.062
463,2021-10-12,4.3255,63.865
464,2021-10-11,4.3665,59.676
465,2021-10-08,4.2755,50.987
466,2021-10-07,4.2435,40.595
467,2021-10-06,4.1475,47.065
468,2021-10-05,4.1925,40.322
469,2021-10-04,4.2385,44.659
470,2021-10-01,4.1885,50.664
471,2021-09-30,4.089,69.254
472,2021-09-29,4.199,46.156
473,2021-09-28,4.2465,50.728
474,2021-09-27,4.2895,47.947
475,2021-09-24,4.2855,58.107
476,2021-09-23,4.231,48.034
477,2021-09-22,4.252,66.758
478,2021-09-21,4.126,71.707
479,2021-09-20,4.1145,63.747
480,2021-09-17,4.246,53.072
481,2021-09-16,4.2815,57.951
482,2021-09-15,4.4065,53.363
483,2021-09-14,4.321,49.999
484,2021-09-13,4.367,68.664
485,2021-09-10,4.452,84.03
486,2021-09-09,4.2855,41.688
487,2021-09-08,4.233,50.295
488,2021-09-07,4.2815,56.305
489,2021-09-03,4.334,43.857
490,2021-09-02,4.304,38.603
491,2021-09-01,4.278,51.755
492,2021-08-31,4.375,56.497
493,2021-08-30,4.3755,41.015
494,2021-08-27,4.332,57.776
495,2021-08-26,4.2595,41.509
496,2021-08-25,4.276,35.352
497,2021-08-24,4.2605,37.557
498,2021-08-23,4.221,35.348
499,2021-08-20,4.123,41.015
500,2021-08-19,4.0435,49.841
501,2021-08-18,4.12,37.495
502,2021-08-17,4.2045,39.15
503,2021-08-16,4.3215,28.408
504,2021-08-13,4.3915,49.864
505,2021-08-12,4.36,56.267
506,2021-08-11,4.3675,50.396
507,2021-08-10,4.354,59.725
508,2021-08-09,4.2895,68.269
509,2021-08-06,4.336,66.211
510,2021-08-05,4.348,41.288
511,2021-08-04,4.3325,54.465
512,2021-08-03,4.386,68.602
513,2021-08-02,4.433,63.524
514,2021-07-30,4.4825,64.477
515,2021-07-29,4.5235,57.103
516,2021-07-28,4.482,78.378
517,2021-07-27,4.5445,84.485
518,2021-07-26,4.585,104.489
519,2021-07-23,4.4,87.07
520,2021-07-22,4.3375,56.558
521,2021-07-21,4.272,50.709
522,2021-07-20,4.263,62.378
523,2021-07-19,4.2015,98.035
524,2021-07-16,4.306,44.788
525,2021-07-15,4.323,65.79
526,2021-07-14,4.2675,50.86
527,2021-07-13,4.307,61.42
528,2021-07-12,4.316,55.185
529,2021-07-09,4.3455,80.656
530,2021-07-08,4.2645,71.175
531,2021-07-07,4.3225,80.201
532,2021-07-06,4.251,146.316
533,2021-07-02,4.276,52.408
534,2021-07-01,4.236,69.776
535,2021-06-30,4.289,69.374
536,2021-06-29,4.2645,67.882
537,2021-06-28,4.2785,44.607
538,2021-06-25,4.2895,41.239
539,2021-06-24,4.305,38.402
540,2021-06-23,4.324,43.176
541,2021-06-22,4.219,43.338
542,2021-06-21,4.1845,38.118
543,2021-06-18,4.1635,27.584
544,2021-06-17,4.1855,38.499
545,2021-06-16,4.391,29.886
546,2021-06-15,4.341,34.837
547,2021-06-14,4.527,43.801
548,2021-06-11,4.5375,82.283
549,2021-06-10,4.485,91.582
550,2021-06-09,4.531,75.721
551,2021-06-08,4.556,91.116
552,2021-06-07,4.5265,66.956
553,2021-06-04,4.529,85.933
554,2021-06-03,4.463,125.515
555,2021-06-02,4.5915,74.348
556,2021-06-01,4.6535,126.881
557,2021-05-28,4.6775,101.946
558,2021-05-27,4.663,89.04
559,2021-05-26,4.5295,64.436
560,2021-05-25,4.5065,84.487
561,2021-05-24,4.5255,78.584
562,2021-05-21,4.481,103.877
563,2021-05-20,4.568,101.642
564,2021-05-19,4.5765,140.725
565,2021-05-18,4.7255,77.179
566,2021-05-17,4.7115,75.298
567,2021-05-14,4.6545,114.62
568,2021-05-13,4.6905,112.9
569,2021-05-12,4.736,107.308
570,2021-05-11,4.762,108.219
571,2021-05-10,4.716,158.81
572,2021-05-07,4.7485,118.845
573,2021-05-06,4.6025,78.759
574,2021-05-05,4.524,64.016
575,2021-05-04,4.5215,56.494
576,2021-05-03,4.5285,40.191
577,2021-04-30,4.468,71.914
578,2021-04-29,4.4865,91.259
579,2021-04-28,4.4975,69.444
580,2021-04-27,4.4855,69.879
581,2021-04-26,4.4445,59.602
582,2021-04-23,4.341,36.199
583,2021-04-22,4.2795,28.41
584,2021-04-21,4.2875,30.82
585,2021-04-20,4.221,23.426
586,2021-04-19,4.245,27.455
587,2021-04-16,4.168,87.656
588,2021-04-15,4.2185,106.318
589,2021-04-14,4.1285,95.297
590,2021-04-13,4.0315,67.321
591,2021-04-12,4.0185,70.855
592,2021-04-09,4.04,62.12
593,2021-04-08,4.0945,66.232
594,2021-04-07,4.0545,66.087
595,2021-04-06,4.1165,77.73
596,2021-04-05,4.1375,53.277
597,2021-04-01,3.9905,71.246
598,2021-03-31,3.9955,66.515
599,2021-03-30,3.9785,61.769
600,2021-03-29,4.0345,60.347
601,2021-03-26,4.068,63.091
602,2021-03-25,3.978,108.068
603,2021-03-24,4.064,72.753
604,2021-03-23,4.0795,79.761
605,2021-03-22,4.1395,58.257
606,2021-03-19,4.113,73.523
607,2021-03-18,4.108,65.889
608,2021-03-17,4.119,57.991
609,2021-03-16,4.0715,71.189
610,2021-03-15,4.1405,59.127
611,2021-03-12,4.14,67.099
612,2021-03-11,4.139,88.271
613,2021-03-10,4.0325,73.351
614,2021-03-09,4.0085,103.652
615,2021-03-08,4.093,110.466
616,2021-03-05,4.0755,127.782
617,2021-03-04,3.9785,170.152
618,2021-03-03,4.142,104.638
619,2021-03-02,4.222,123.42
620,2021-03-01,4.113,105.509
621,2021-02-26,4.0925,173.044
622,2021-02-25,4.2635,165.302
623,2021-02-24,4.304,122.102
624,2021-02-23,4.1875,78.912
625,2021-02-22,4.149,72.151
626,2021-02-19,4.0775,68.398
627,2021-02-18,3.907,47.552
628,2021-02-17,3.8255,33.404
629,2021-02-16,3.834,99.558
630,2021-02-12,3.788,64.118
631,2021-02-11,3.7715,64.897
632,2021-02-10,3.7725,99.71
633,2021-02-09,3.72,93.999
634,2021-02-08,3.666,77.784
635,2021-02-05,3.626,80.755
636,2021-02-04,3.553,64.966
637,2021-02-03,3.5655,69.116
638,2021-02-02,3.5245,83.803
639,2021-02-01,3.546,75.847
640,2021-01-29,3.556,91.118
641,2021-01-28,3.578,114.176
642,2021-01-27,3.5575,102.973
643,2021-01-26,3.6195,59.034
644,2021-01-25,3.6295,62.534
645,2021-01-22,3.626,80.927
646,2021-01-21,3.6475,53.088
647,2021-01-20,3.6415,51.198
648,2021-01-19,3.6335,107.614
649,2021-01-15,3.602,71.481
650,2021-01-14,3.6645,67.901
651,2021-01-13,3.617,61.336
652,2021-01-12,3.6055,73.198
653,2021-01-11,3.5645,88.959
654,2021-01-08,3.6735,99.448
655,2021-01-07,3.696,62.907
656,2021-01-06,3.6505,91.231
657,2021-01-05,3.6395,64.779
658,2021-01-04,3.5545,76.849
659,2020-12-31,3.519,41.781
660,2020-12-30,3.549,38.3
661,2020-12-29,3.5555,47.036
662,2020-12-28,3.571,34.304
663,2020-12-24,3.5625,30.81
664,2020-12-23,3.556,62.499
665,2020-12-22,3.52,62.681
666,2020-12-21,3.5775,77.468
667,2020-12-18,3.6325,68.527
668,2020-12-17,3.6015,54.092
669,2020-12-16,3.559,49.572
670,2020-12-15,3.5445,50.682
671,2020-12-14,3.5265,58.429
672,2020-12-11,3.528,90.671
673,2020-12-10,3.576,84.271
674,2020-12-09,3.5135,60.133
675,2020-12-08,3.499,64.49
676,2020-12-07,3.5165,62.377
677,2020-12-04,3.5245,58.352
678,2020-12-03,3.4905,75.628
679,2020-12-02,3.489,82.317
680,2020-12-01,3.485,82.158
681,2020-11-30,3.438,98.558
682,2020-11-27,3.4175,90.541
683,2020-11-25,3.3305,41.465
684,2020-11-24,3.32,47.659
685,2020-11-23,3.278,36.541
686,2020-11-20,3.31,31.796
687,2020-11-19,3.22,25.275
688,2020-11-18,3.2125,29.302
689,2020-11-17,3.2095,24.15
690,2020-11-16,3.2295,27.349
691,2020-11-13,3.178,60.345
692,2020-11-12,3.145,64.786
693,2020-11-11,3.134,66.28
694,2020-11-10,3.1555,87.464
695,2020-11-09,3.156,100.894
696,2020-11-06,3.154,71.188
697,2020-11-05,3.11,69.58
698,2020-11-04,3.107,103.049
699,2020-11-03,3.0925,59.742
700,2020-11-02,3.077,72.432
701,2020-10-30,3.0475,69.335
702,2020-10-29,3.0565,63.378
703,2020-10-28,3.064,88.773
704,2020-10-27,3.0935,55.541
705,2020-10-26,3.0895,73.918
706,2020-10-23,3.129,49.687
707,2020-10-22,3.1535,73.504
708,2020-10-21,3.1985,79.395
709,2020-10-20,3.148,78.254
710,2020-10-19,3.086,53.293
711,2020-10-16,3.0675,49.044
712,2020-10-15,3.0855,66.455
713,2020-10-14,3.0505,43.831
714,2020-10-13,3.0445,59.663
715,2020-10-12,3.064,49.826
716,2020-10-09,3.0825,76.345
717,2020-10-08,3.042,59.381
718,2020-10-07,3.033,86.552
719,2020-10-06,2.9635,44.52
720,2020-10-05,2.963,55.394
721,2020-10-02,2.9775,110.753
722,2020-10-01,2.8655,115.232
723,2020-09-30,3.0325,79.663
724,2020-09-29,2.996,66.784
725,2020-09-28,2.99,61.628
726,2020-09-25,2.971,69.544
727,2020-09-24,2.968,116.801
728,2020-09-23,2.993,113.117
729,2020-09-22,3.061,74.436
730,2020-09-21,3.032,102.106
731,2020-09-18,3.116,85.758
732,2020-09-17,3.071,75.813
733,2020-09-16,3.061,49.151
734,2020-09-15,3.063,59.886
735,2020-09-14,3.068,53.068
736,2020-09-11,3.0395,69.271
737,2020-09-10,2.9985,82.191
738,2020-09-09,3.0515,59.165
739,2020-09-08,3.025,119.746
740,2020-09-04,3.062,84.919
741,2020-09-03,2.975,77.463
742,2020-09-02,3.0205,60.234
743,2020-09-01,3.0285,77.592
744,2020-08-31,3.0615,44.074
745,2020-08-28,3.0195,64.205
746,2020-08-27,2.9905,55.443
747,2020-08-26,2.9815,40.947
748,2020-08-25,2.9535,28.745
749,2020-08-24,2.9455,37.926
750,2020-08-21,2.934,35.455
751,2020-08-20,2.9915,34.847
752,2020-08-19,3.038,39.59
753,2020-08-18,2.9915,34.556
754,2020-08-17,2.9225,17.734
755,2020-08-14,2.882,19.952
756,2020-08-13,2.832,33.189
757,2020-08-12,2.912,26.549
758,2020-08-11,2.8755,72.402
759,2020-08-10,2.8615,103.196
760,2020-08-07,2.7925,126.611
761,2020-08-06,2.9105,64.061
762,2020-08-05,2.917,78.064
763,2020-08-04,2.8945,59.546
764,2020-08-03,2.912,68.247
765,2020-07-31,2.868,76.943
766,2020-07-30,2.914,71.781
767,2020-07-29,2.919,54.905
768,2020-07-28,2.9175,69.289
769,2020-07-27,2.8975,58.827
770,2020-07-24,2.8925,78.017
771,2020-07-23,2.9385,54.639
772,2020-07-22,2.9245,71.903
773,2020-07-21,2.958,50.656
774,2020-07-20,2.9155,58.196
775,2020-07-17,2.9045,48.953
776,2020-07-16,2.9015,69.395
777,2020-07-15,2.885,85.728
778,2020-07-14,2.9325,81.81
779,2020-07-13,2.955,103.562
780,2020-07-10,2.8975,80.638
781,2020-07-09,2.8385,77.506
782,2020-07-08,2.824,58.159
783,2020-07-07,2.797,60.999
784,2020-07-06,2.7745,57.155
785,2020-07-02,2.7485,65.246
786,2020-07-01,2.734,75.937
787,2020-06-30,2.7285,65.525
788,2020-06-29,2.6925,60.518
789,2020-06-26,2.679,49.552
790,2020-06-25,2.678,35.331
791,2020-06-24,2.6575,36.654
792,2020-06-23,2.6685,32.2
793,2020-06-22,2.6625,25.664
794,2020-06-19,2.628,26.581
795,2020-06-18,2.6105,20.592
796,2020-06-17,2.609,17.892
797,2020-06-16,2.588,25.946
798,2020-06-15,2.5875,20.337
799,2020-06-12,2.6185,26.418
800,2020-06-11,2.602,27.346
801,2020-06-10,2.6565,92.543
802,2020-06-09,2.599,80.777
803,2020-06-08,2.5655,69.89
804,2020-06-05,2.5555,91.094
805,2020-06-04,2.4895,53.592
806,2020-06-03,2.4875,52.754
807,2020-06-02,2.491,59.933
808,2020-06-01,2.4705,80.1
809,2020-05-29,2.4265,108.0
810,2020-05-28,2.4135,59.381
811,2020-05-27,2.382,72.065
812,2020-05-26,2.4185,69.691
813,2020-05-22,2.409,120.0
814,2020-05-21,2.432,54.848
815,2020-05-20,2.4675,219.0
816,2020-05-19,2.418,57.962
817,2020-05-18,2.404,63.035
818,2020-05-15,2.3335,101.0
819,2020-05-14,2.363,53.191
820,2020-05-13,2.346,42.131
821,2020-05-12,2.359,45.862
822,2020-05-11,2.38,57.335
823,2020-05-08,2.4085,386.0
824,2020-05-07,2.3805,50.439
825,2020-05-06,2.347,43.688
826,2020-05-05,2.3325,37.434
827,2020-05-04,2.3125,29.503
828,2020-05-01,2.3185,368.0
829,2020-04-30,2.344,50.117
830,2020-04-29,2.3745,2.66
831,2020-04-28,2.3455,35.728
832,2020-04-27,2.345,32.118
833,2020-04-24,2.348,203.0
834,2020-04-23,2.318,28.607
835,2020-04-22,2.309,24.781
836,2020-04-21,2.2645,51.548
837,2020-04-20,2.337,28.446
838,2020-04-17,2.3535,107.0
839,2020-04-16,2.3055,14.604
840,2020-04-15,2.309,15.222
841,2020-04-14,2.3295,59.648
842,2020-04-13,2.3205,90.0
843,2020-04-09,2.2775,157.0
844,2020-04-08,2.26,63.714
845,2020-04-07,2.2725,79.03
846,2020-04-06,2.235,80.0
847,2020-04-03,2.21,147.0
848,2020-04-02,2.2185,60.473
849,2020-04-01,2.1745,52.812
850,2020-03-31,2.24,244.0
851,2020-03-30,2.1555,48.149
852,2020-03-27,2.197,76.0
853,2020-03-26,2.178,58.757
854,2020-03-25,2.204,72.73
855,2020-03-24,2.1975,100.0
856,2020-03-23,2.1005,83.099
857,2020-03-20,2.1905,194.0
858,2020-03-19,2.1855,98.814
859,2020-03-18,2.151,102.912
860,2020-03-17,2.3155,296.0
861,2020-03-16,2.3925,112.502
862,2020-03-13,2.464,122.941
863,2020-03-12,2.4725,113.69
864,2020-03-11,2.502,73.099
865,2020-03-10,2.534,408.0
866,2020-03-09,2.5105,119.368
867,2020-03-06,2.5605,96.686
868,2020-03-05,2.5825,198.0
869,2020-03-04,2.586,57.321
870,2020-03-03,2.5795,792.0
871,2020-03-02,2.601,729.0
872,2020-02-28,2.546,2.006
873,2020-02-27,2.5715,109.176
874,2020-02-26,2.5735,70.976
875,2020-02-25,2.582,59.609
876,2020-02-24,2.5835,60.537
877,2020-02-21,2.618,207.0
878,2020-02-20,2.596,44.454
879,2020-02-19,2.614,45.572
880,2020-02-18,2.61,154.0
881,2020-02-14,2.6055,47.0
882,2020-02-13,2.613,93.988
883,2020-02-12,2.6,73.322
884,2020-02-11,2.5885,52.0
885,2020-02-10,2.5505,89.74
886,2020-02-07,2.559,66.0
887,2020-02-06,2.593,96.243
888,2020-02-05,2.5745,116.027
889,2020-02-04,2.542,104.69
890,2020-02-03,2.507,128.522
891,2020-01-31,2.52,421.0
892,2020-01-30,2.524,98.356
893,2020-01-29,2.554,84.204
894,2020-01-28,2.5795,96.589
895,2020-01-27,2.5965,115.723
896,2020-01-24,2.6855,128.0
897,2020-01-23,2.726,87.452
898,2020-01-22,2.765,70.403
899,2020-01-21,2.7985,176.0
900,2020-01-17,2.8495,119.0
901,2020-01-16,2.847,72.208
902,2020-01-15,2.866,53.831
903,2020-01-14,2.8735,72.311
904,2020-01-13,2.861,69.869
905,2020-01-10,2.8185,190.0
906,2020-01-09,2.802,50.861
907,2020-01-08,2.812,74.974
908,2020-01-07,2.7935,57.519
909,2020-01-06,2.79,57.901
910,2020-01-03,2.7985,62.0
911,2020-01-02,2.825,69.169
912,2019-12-31,2.794,191.0
913,2019-12-30,2.8335,45.767
914,2019-12-27,2.8295,51.164
915,2019-12-26,2.849,32.253
916,2019-12-24,2.8385,163.0
917,2019-12-23,2.8085,40.144
918,2019-12-20,2.811,338.0
919,2019-12-19,2.8315,201.0
920,2019-12-18,2.8125,54.147
921,2019-12-17,2.8135,57.747
922,2019-12-16,2.8115,61.664
923,2019-12-13,2.7805,476.0
924,2019-12-12,2.7965,99.303
925,2019-12-11,2.7895,76.152
926,2019-12-10,2.7555,395.0
927,2019-12-09,2.7585,93.331
928,2019-12-06,2.711,495.0
929,2019-12-05,2.663,44.576
930,2019-12-04,2.659,70.718
931,2019-12-03,2.608,1.486
932,2019-12-02,2.6505,62.553
933,2019-11-29,2.6615,70.606
934,2019-11-27,2.6745,23.246
935,2019-11-26,2.6975,47.218
936,2019-11-25,2.662,43.912
937,2019-11-22,2.659,36.826
938,2019-11-21,2.636,38.663
939,2019-11-20,2.6465,121.0
940,2019-11-19,2.6535,209.0
941,2019-11-18,2.634,29.258
942,2019-11-15,2.635,327.0
943,2019-11-14,2.635,27.365
944,2019-11-13,2.6395,61.585
945,2019-11-12,2.642,110.0
946,2019-11-11,2.664,51.477
947,2019-11-08,2.678,46.0
948,2019-11-07,2.724,303.0
949,2019-11-06,2.665,61.835
950,2019-11-05,2.7005,91.478
951,2019-11-04,2.671,52.206
952,2019-11-01,2.651,571.0
953,2019-10-31,2.638,87.972
954,2019-10-30,2.6805,386.0
955,2019-10-29,2.6915,50.458
956,2019-10-28,2.683,48.189
957,2019-10-25,2.6665,172.0
958,2019-10-24,2.668,59.517
959,2019-10-23,2.6715,74.596
960,2019-10-22,2.633,45.141
961,2019-10-21,2.6465,53.101
962,2019-10-18,2.625,185.0
963,2019-10-17,2.5975,52.51
964,2019-10-16,2.5895,53.35
965,2019-10-15,2.614,52.573
966,2019-10-14,2.634,57.966
967,2019-10-11,2.628,70.172
968,2019-10-10,2.6135,75.052
969,2019-10-09,2.568,45.518
970,2019-10-08,2.5635,118.0
971,2019-10-07,2.577,47.416
972,2019-10-04,2.5555,143.0
973,2019-10-03,2.5535,49.923
974,2019-10-02,2.5615,194.0
975,2019-10-01,2.5605,73.579
976,2019-09-30,2.5785,47.26
977,2019-09-27,2.5975,57.822
978,2019-09-26,2.5775,50.887
979,2019-09-25,2.612,54.82
980,2019-09-24,2.5895,390.0
981,2019-09-23,2.6115,60.748
982,2019-09-20,2.59,277.0
983,2019-09-19,2.6085,41.056
984,2019-09-18,2.613,41.752
985,2019-09-17,2.627,55.245
986,2019-09-16,2.621,275.0
987,2019-09-13,2.681,160.0
988,2019-09-12,2.6405,92.874
989,2019-09-11,2.6145,51.27
990,2019-09-10,2.628,54.561
991,2019-09-09,2.6275,45.284
992,2019-09-06,2.6155,552.0
993,2019-09-05,2.642,94.748
994,2019-09-04,2.595,73.691
995,2019-09-03,2.528,105.47
996,2019-08-30,2.557,56.85
997,2019-08-29,2.5775,69.468
998,2019-08-28,2.5645,69.424
999,2019-08-27,2.553,62.495
1000,2019-08-26,2.55,42.991
1001,2019-08-23,2.5375,52.886
1002,2019-08-22,2.5535,236.0
1003,2019-08-21,2.592,41.325
1004,2019-08-20,2.584,21.086
1005,2019-08-19,2.608,21.348
1006,2019-08-16,2.595,39.977
1007,2019-08-15,2.595,59.378
1008,2019-08-14,2.592,68.757
1009,2019-08-13,2.63,90.025
1010,2019-08-12,2.585,66.203
1011,2019-08-09,2.589,59.899
1012,2019-08-08,2.6075,66.185
1013,2019-08-07,2.565,177.0
1014,2019-08-06,2.5575,72.296
1015,2019-08-05,2.537,104.0
1016,2019-08-02,2.5715,97.357
1017,2019-08-01,2.6655,75.928
1018,2019-07-31,2.666,66.048
1019,2019-07-30,2.6785,59.173
1020,2019-07-29,2.7175,53.41
1021,2019-07-26,2.685,224.0
1022,2019-07-25,2.7035,61.776
1023,2019-07-24,2.712,47.805
1024,2019-07-23,2.7,62.956
1025,2019-07-22,2.722,65.058
1026,2019-07-19,2.7525,130.349
1027,2019-07-18,2.71,50.663
1028,2019-07-17,2.71,280.0
1029,2019-07-16,2.7,65.37
1030,2019-07-15,2.711,58.059
1031,2019-07-12,2.694,55.526
1032,2019-07-11,2.6875,60.433
1033,2019-07-10,2.694,83.259
1034,2019-07-09,2.625,74.241
1035,2019-07-08,2.659,56.45
1036,2019-07-05,2.661,66.334
1037,2019-07-03,2.683,16.846
1038,2019-07-02,2.664,64.831
1039,2019-07-01,2.6795,1.728
1040,2019-06-28,2.7055,51.617
1041,2019-06-27,2.7165,69.519
1042,2019-06-26,2.711,301.0
1043,2019-06-25,2.735,57.437
1044,2019-06-24,2.705,38.562
1045,2019-06-21,2.704,43.797
1046,2019-06-20,2.712,39.238
1047,2019-06-19,2.6805,44.778
1048,2019-06-18,2.7025,41.531
1049,2019-06-17,2.6465,28.408
1050,2019-06-14,2.631,58.108
1051,2019-06-13,2.6565,83.692
1052,2019-06-12,2.654,62.181
1053,2019-06-11,2.6715,88.177
1054,2019-06-10,2.6615,68.822
1055,2019-06-07,2.6275,85.767
1056,2019-06-06,2.6505,61.828
1057,2019-06-05,2.623,71.688
1058,2019-06-04,2.6735,70.0
1059,2019-06-03,2.65,70.436
1060,2019-05-31,2.64,85.222
1061,2019-05-30,2.6605,354.0
1062,2019-05-29,2.664,58.51
1063,2019-05-28,2.696,60.588
1064,2019-05-24,2.6995,13.507
1065,2019-05-23,2.6805,69.108
1066,2019-05-22,2.678,65.002
1067,2019-05-21,2.715,58.997
1068,2019-05-20,2.726,46.208
1069,2019-05-17,2.7385,54.592
1070,2019-05-16,2.748,59.692
1071,2019-05-15,2.743,67.205
1072,2019-05-14,2.725,61.546
1073,2019-05-13,2.719,76.879
1074,2019-05-10,2.7745,90.232
1075,2019-05-09,2.7715,85.607
1076,2019-05-08,2.7745,92.715
1077,2019-05-07,2.7855,100.605
1078,2019-05-06,2.8295,88.256
1079,2019-05-03,2.819,78.775
1080,2019-05-02,2.7795,79.7
1081,2019-05-01,2.8015,109.944
1082,2019-04-30,2.9015,1.442
1083,2019-04-29,2.897,69.889
1084,2019-04-26,2.894,54.747
1085,2019-04-25,2.8675,58.693
1086,2019-04-24,2.916,35.23
1087,2019-04-23,2.9,42.197
1088,2019-04-22,2.908,26.131
1089,2019-04-18,2.9265,29.293
1090,2019-04-17,2.9735,34.111
1091,2019-04-16,2.939,17.848
1092,2019-04-15,2.935,58.765
1093,2019-04-12,2.946,84.673
1094,2019-04-11,2.887,66.863
1095,2019-04-10,2.9255,60.436
1096,2019-04-09,2.934,62.547
1097,2019-04-08,2.9295,37.0
1098,2019-04-05,2.8945,52.542
1099,2019-04-04,2.91,68.187
1100,2019-04-03,2.9485,64.749
1101,2019-04-02,2.9055,55.234
1102,2019-04-01,2.9245,81.461
1103,2019-03-29,2.936,81.1
1104,2019-03-28,2.8725,59.542
1105,2019-03-27,2.863,57.108
1106,2019-03-26,2.854,61.354
1107,2019-03-25,2.8565,66.22
1108,2019-03-22,2.8425,100.267
1109,2019-03-21,2.906,90.411
1110,2019-03-20,2.9155,300.0
1111,2019-03-19,2.923,61.642
1112,2019-03-18,2.909,58.044
1113,2019-03-15,2.906,68.987
1114,2019-03-14,2.8885,464.0
1115,2019-03-13,2.9355,48.078
1116,2019-03-12,2.9275,334.0
1117,2019-03-11,2.901,41.788
1118,2019-03-08,2.8935,64.498
1119,2019-03-07,2.9105,58.299
1120,2019-03-06,2.9185,50.615
1121,2019-03-05,2.9335,59.971
1122,2019-03-04,2.909,69.151
1123,2019-03-01,2.932,74.438
1124,2019-02-28,2.948,67.136
1125,2019-02-27,2.959,12.126
1126,2019-02-26,2.9505,76.317
1127,2019-02-25,2.949,60.49
1128,2019-02-22,2.948,50.389
1129,2019-02-21,2.8985,47.208
1130,2019-02-20,2.9205,58.212
1131,2019-02-19,2.878,54.833
1132,2019-02-15,2.8035,12.771
1133,2019-02-14,2.774,72.147
1134,2019-02-13,2.774,175.0
1135,2019-02-12,2.772,62.239
1136,2019-02-11,2.7915,146.0
1137,2019-02-08,2.8105,56.721
1138,2019-02-07,2.8285,69.88
1139,2019-02-06,2.8365,57.979
1140,2019-02-05,2.817,56.965
1141,2019-02-04,2.7945,59.713
1142,2019-02-01,2.773,62.312
1143,2019-01-31,2.7845,75.318
1144,2019-01-30,2.7675,90.767
1145,2019-01-29,2.725,64.481
1146,2019-01-28,2.68,75.038
1147,2019-01-25,2.729,91.023
1148,2019-01-24,2.6445,57.698
1149,2019-01-23,2.6545,57.619
1150,2019-01-22,2.6595,90.479
1151,2019-01-18,2.719,32.026
1152,2019-01-17,2.68,64.522
1153,2019-01-16,2.6735,70.373
1154,2019-01-15,2.6345,64.095
1155,2019-01-14,2.6455,125.0
1156,2019-01-11,2.662,63.358
1157,2019-01-10,2.6375,67.083
1158,2019-01-09,2.657,74.189
1159,2019-01-08,2.656,62.414
1160,2019-01-07,2.637,55.254
1161,2019-01-04,2.6475,81.788
1162,2019-01-03,2.568,86.854
1163,2019-01-02,2.623,82.603
1164,2018-12-31,2.631,41.458
1165,2018-12-28,2.6815,52.666
1166,2018-12-27,2.668,45.579
1167,2018-12-26,2.7,40.288
1168,2018-12-24,2.661,37.251
1169,2018-12-21,2.674,49.483
1170,2018-12-20,2.6965,68.261
1171,2018-12-19,2.716,66.781
1172,2018-12-18,2.6645,87.57
1173,2018-12-17,2.7545,49.486
1174,2018-12-14,2.7625,57.001
1175,2018-12-13,2.767,58.347
1176,2018-12-12,2.77,50.051
1177,2018-12-11,2.767,65.871
1178,2018-12-10,2.72,54.023
1179,2018-12-07,2.7595,54.113
1180,2018-12-06,2.743,72.495
1181,2018-12-05,2.774,42.002
1182,2018-12-04,2.759,77.807
1183,2018-12-03,2.8095,86.779
1184,2018-11-30,2.7875,56.07
1185,2018-11-29,2.7895,62.538
1186,2018-11-28,2.8135,63.425
1187,2018-11-27,2.726,57.122
1188,2018-11-26,2.773,36.375
1189,2018-11-23,2.7855,34.37
1190,2018-11-21,2.7945,88.0
1191,2018-11-20,2.7765,48.196
1192,2018-11-19,2.8065,32.334
1193,2018-11-16,2.81,31.983
1194,2018-11-15,2.7465,79.518
1195,2018-11-14,2.71,74.018
1196,2018-11-13,2.687,228.0
1197,2018-11-12,2.678,33.0
1198,2018-11-09,2.6845,82.525
1199,2018-11-08,2.736,79.547
1200,2018-11-07,2.7545,75.854
1201,2018-11-06,2.7325,72.337
1202,2018-11-05,2.756,93.232
1203,2018-11-02,2.807,161.876
1204,2018-11-01,2.7215,100.263
1205,2018-10-31,2.659,93.013
1206,2018-10-30,2.664,106.817
1207,2018-10-29,2.7405,81.831
1208,2018-10-26,2.741,98.566
1209,2018-10-25,2.7545,93.87
1210,2018-10-24,2.7575,80.293
1211,2018-10-23,2.758,88.299
1212,2018-10-22,2.7855,83.92
1213,2018-10-19,2.778,87.21
1214,2018-10-18,2.7465,101.051
1215,2018-10-17,2.778,95.652
1216,2018-10-16,2.7795,75.806
1217,2018-10-15,2.7805,82.0
1218,2018-10-12,2.8005,97.071
1219,2018-10-11,2.803,149.297
1220,2018-10-10,2.7805,96.289
1221,2018-10-09,2.8065,100.792
1222,2018-10-08,2.755,351.0
1223,2018-10-05,2.763,87.293
1224,2018-10-04,2.7775,96.735
1225,2018-10-03,2.834,78.195
1226,2018-10-02,2.8065,99.534
1227,2018-10-01,2.7875,90.561
1228,2018-09-28,2.805,95.511
1229,2018-09-27,2.7645,1.453
1230,2018-09-26,2.828,84.455
1231,2018-09-25,2.8235,112.625
1232,2018-09-24,2.836,90.13
1233,2018-09-21,2.8575,155.109
1234,2018-09-20,2.74,82.038
1235,2018-09-19,2.71,81.0
1236,2018-09-18,2.7305,141.863
1237,2018-09-17,2.651,76.837
1238,2018-09-14,2.646,91.149
1239,2018-09-13,2.683,103.925
1240,2018-09-12,2.676,117.003
1241,2018-09-11,2.6215,99.779
1242,2018-09-10,2.628,71.148
1243,2018-09-07,2.6225,94.807
1244,2018-09-06,2.6365,94.246
1245,2018-09-05,2.61,84.262
1246,2018-09-04,2.602,158.411
1247,2018-08-31,2.671,44.132
1248,2018-08-30,2.7175,110.808
1249,2018-08-29,2.7365,72.466
1250,2018-08-28,2.734,237.0
1251,2018-08-27,2.732,32.965
1252,2018-08-24,2.723,45.35
1253,2018-08-23,2.6775,46.684
1254,2018-08-22,2.6935,34.298
1255,2018-08-21,2.7115,24.981
1256,2018-08-20,2.686,25.989
1257,2018-08-17,2.6475,106.053
1258,2018-08-16,2.6165,161.058
1259,2018-08-15,2.56,174.675
1260,2018-08-14,2.6755,617.0
1261,2018-08-13,2.731,98.481
1262,2018-08-10,2.7425,91.56
1263,2018-08-09,2.7655,110.73
1264,2018-08-08,2.751,92.579
1265,2018-08-07,2.752,85.044
1266,2018-08-06,2.721,384.0
1267,2018-08-03,2.7635,112.474
1268,2018-08-02,2.727,409.0
1269,2018-08-01,2.7475,123.575
1270,2018-07-31,2.8315,117.304
1271,2018-07-30,2.792,96.908
1272,2018-07-27,2.802,81.665
1273,2018-07-26,2.804,417.0
1274,2018-07-25,2.8175,101.224
1275,2018-07-24,2.8105,140.966
1276,2018-07-23,2.737,498.0
1277,2018-07-20,2.756,117.196
1278,2018-07-19,2.6955,145.129
1279,2018-07-18,2.76,105.201
1280,2018-07-17,2.747,89.898
1281,2018-07-16,2.757,516.0
1282,2018-07-13,2.7755,89.262
1283,2018-07-12,2.777,108.851
1284,2018-07-11,2.7435,163.7
1285,2018-07-10,2.8395,96.741
1286,2018-07-09,2.85,113.677
1287,2018-07-06,2.824,127.452
1288,2018-07-05,2.826,206.352
1289,2018-07-03,2.917,88.083
1290,2018-07-02,2.944,89.273
1291,2018-06-29,2.966,83.92
1292,2018-06-28,2.9715,110.952
1293,2018-06-27,3.0075,84.227
1294,2018-06-26,3.0155,75.634
1295,2018-06-25,3.0095,60.928
1296,2018-06-22,3.049,44.785
1297,2018-06-21,3.0435,49.523
1298,2018-06-20,3.062,57.454
1299,2018-06-19,3.07,55.94
1300,2018-06-18,3.1065,94.798
1301,2018-06-15,3.1445,118.834
1302,2018-06-14,3.222,102.248
1303,2018-06-13,3.254,108.283
1304,2018-06-12,3.2495,93.402
1305,2018-06-11,3.257,120.048
1306,2018-06-08,3.3,145.528
1307,2018-06-07,3.275,188.423
1308,2018-06-06,3.262,168.925
1309,2018-06-05,3.1985,173.859
1310,2018-06-04,3.1345,112.09
1311,2018-06-01,3.0985,104.093
1312,2018-05-31,3.065,112.174
1313,2018-05-30,3.069,129.902
1314,2018-05-29,3.0625,159.144
1315,2018-05-25,3.0775,45.251
1316,2018-05-24,3.096,84.073
1317,2018-05-23,3.0705,122.658
1318,2018-05-22,3.132,111.072
1319,2018-05-21,3.0985,87.68
1320,2018-05-18,3.0635,73.692
1321,2018-05-17,3.089,78.752
1322,2018-05-16,3.0705,76.03
1323,2018-05-15,3.056,101.035
1324,2018-05-14,3.093,79.465
1325,2018-05-11,3.1115,77.186
1326,2018-05-10,3.11,111.453
1327,2018-05-09,3.0575,80.603
1328,2018-05-08,3.059,128.171
1329,2018-05-07,3.079,56.35
1330,2018-05-04,3.0855,80.279
1331,2018-05-03,3.0805,109.452
1332,2018-05-02,3.0685,90.746
1333,2018-05-01,3.0375,96.325
1334,2018-04-30,3.074,63.119
1335,2018-04-27,3.0695,106.502
1336,2018-04-26,3.138,69.264
1337,2018-04-25,3.1575,51.142
1338,2018-04-24,3.164,45.242
1339,2018-04-23,3.1315,41.395
1340,2018-04-20,3.1555,33.96
1341,2018-04-19,3.154,37.634
1342,2018-04-18,3.1815,51.721
1343,2018-04-17,3.0795,88.784
1344,2018-04-16,3.0955,103.418
1345,2018-04-13,3.071,87.147
1346,2018-04-12,3.0635,136.414
1347,2018-04-11,3.117,107.732
1348,2018-04-10,3.137,124.236
1349,2018-04-09,3.077,92.44
1350,2018-04-06,3.0585,99.136
1351,2018-04-05,3.0745,107.499
1352,2018-04-04,3.0105,137.745
1353,2018-04-03,3.0635,109.25
1354,2018-04-02,3.05,68.976
1355,2018-03-29,3.0255,102.588
1356,2018-03-28,3.002,104.444
1357,2018-03-27,3.0005,15.8
1358,2018-03-26,2.97,121.533
1359,2018-03-23,2.993,134.828
1360,2018-03-22,3.02,123.054
1361,2018-03-21,3.0585,116.894
1362,2018-03-20,3.038,106.928
1363,2018-03-19,3.082,90.324
1364,2018-03-16,3.1075,78.282
1365,2018-03-15,3.1275,78.399
1366,2018-03-14,3.1585,112.05
1367,2018-03-13,3.138,80.415
1368,2018-03-12,3.124,88.577
1369,2018-03-09,3.136,115.183
1370,2018-03-08,3.079,92.143
1371,2018-03-07,3.136,90.589
1372,2018-03-06,3.159,82.046
1373,2018-03-05,3.128,77.584
1374,2018-03-02,3.1245,76.286
1375,2018-03-01,3.123,108.423
1376,2018-02-28,3.1325,92.283
1377,2018-02-27,3.1575,14.554
1378,2018-02-26,3.2245,63.822
1379,2018-02-23,3.233,63.373
1380,2018-02-22,3.2615,47.666
1381,2018-02-21,3.237,41.227
1382,2018-02-20,3.2135,42.678
1383,2018-02-16,3.2685,573.0
1384,2018-02-15,3.2455,83.632
1385,2018-02-14,3.236,119.3
1386,2018-02-13,3.1625,116.318
1387,2018-02-12,3.0865,92.356
1388,2018-02-09,3.0335,147.961
1389,2018-02-08,3.082,159.489
1390,2018-02-07,3.0875,185.708
1391,2018-02-06,3.189,149.468
1392,2018-02-05,3.221,129.739
1393,2018-02-02,3.1875,118.659
1394,2018-02-01,3.209,87.537
1395,2018-01-31,3.1955,95.809
1396,2018-01-30,3.189,114.01
1397,2018-01-29,3.194,83.578
1398,2018-01-26,3.199,97.673
1399,2018-01-25,3.2165,129.083
1400,2018-01-24,3.2285,170.038
1401,2018-01-23,3.111,171.009
1402,2018-01-22,3.1985,84.361
1403,2018-01-19,3.1875,93.469
1404,2018-01-18,3.199,82.653
1405,2018-01-17,3.189,94.454
1406,2018-01-16,3.2195,227.683
1407,2018-01-12,3.2185,23.912
1408,2018-01-11,3.233,94.87
1409,2018-01-10,3.2355,94.03
1410,2018-01-09,3.216,96.227
1411,2018-01-08,3.224,85.098
1412,2018-01-05,3.2295,83.764
1413,2018-01-04,3.263,104.455
1414,2018-01-03,3.2575,103.004
1415,2018-01-02,3.278,105.268
1416,2017-12-29,3.3005,102.57
1417,2017-12-28,3.3085,109.79
1418,2017-12-27,3.284,119.768
1419,2017-12-26,3.2805,70.442
1420,2017-12-22,3.2385,97.743
1421,2017-12-21,3.2195,102.948
1422,2017-12-20,3.196,121.84
1423,2017-12-19,3.1515,103.631
1424,2017-12-18,3.146,91.437
1425,2017-12-15,3.1345,107.745
1426,2017-12-14,3.0725,99.53
1427,2017-12-13,3.0535,86.322
1428,2017-12-12,3.023,79.323
1429,2017-12-11,3.0115,106.826
1430,2017-12-08,2.9785,88.7
1431,2017-12-07,2.9645,94.202
1432,2017-12-06,2.9615,104.271
1433,2017-12-05,2.946,175.311
1434,2017-12-04,3.09,74.716
1435,2017-12-01,3.0925,103.34
1436,2017-11-30,3.064,95.517
1437,2017-11-29,3.0685,110.269
1438,2017-11-28,3.0985,90.225
1439,2017-11-27,3.1575,63.771
1440,2017-11-24,3.1915,44.075
1441,2017-11-22,3.159,1.612
1442,2017-11-21,3.1505,37.327
1443,2017-11-20,3.1155,34.339
1444,2017-11-17,3.091,25.896
1445,2017-11-16,3.048,95.816
1446,2017-11-15,3.0545,109.354
1447,2017-11-14,3.065,134.555
1448,2017-11-13,3.1165,117.881
1449,2017-11-10,3.076,85.669
1450,2017-11-09,3.086,11.987
1451,2017-11-08,3.0995,113.515
1452,2017-11-07,3.089,117.208
1453,2017-11-06,3.1575,93.584
1454,2017-11-03,3.1175,99.072
1455,2017-11-02,3.1435,118.804
1456,2017-11-01,3.1425,137.05
1457,2017-10-31,3.101,95.828
1458,2017-10-30,3.112,79.36
1459,2017-10-27,3.1035,139.971
1460,2017-10-26,3.1775,94.9
1461,2017-10-25,3.183,105.422
1462,2017-10-24,3.198,107.813
1463,2017-10-23,3.188,84.835
1464,2017-10-20,3.1655,110.158
1465,2017-10-19,3.1675,95.734
1466,2017-10-18,3.178,119.149
1467,2017-10-17,3.1955,112.637
1468,2017-10-16,3.239,171.427
1469,2017-10-13,3.1335,91.35
1470,2017-10-12,3.12,93.541
1471,2017-10-11,3.0955,106.204
1472,2017-10-10,3.0605,98.043
1473,2017-10-09,3.031,76.82
1474,2017-10-06,3.029,66.388
1475,2017-10-05,3.0465,84.525
1476,2017-10-04,2.959,44.277
1477,2017-10-03,2.9635,53.515
1478,2017-10-02,2.9555,51.81
1479,2017-09-29,2.955,85.725
1480,2017-09-28,2.981,133.567
1481,2017-09-27,2.9295,89.587
1482,2017-09-26,2.919,98.825
1483,2017-09-25,2.9375,80.632
1484,2017-09-22,2.9445,109.089
1485,2017-09-21,2.9345,115.173
1486,2017-09-20,2.969,81.109
1487,2017-09-19,2.9695,82.805
1488,2017-09-18,2.969,88.266
1489,2017-09-15,2.949,105.844
1490,2017-09-14,2.9575,111.159
1491,2017-09-13,2.981,113.184
1492,2017-09-12,3.036,104.402
1493,2017-09-11,3.066,93.297
1494,2017-09-08,3.0415,147.137
1495,2017-09-07,3.1435,94.523
1496,2017-09-06,3.1515,83.658
1497,2017-09-05,3.128,149.076
1498,2017-09-01,3.118,21.131
1499,2017-08-31,3.0985,81.767
1500,2017-08-30,3.087,76.887
1501,2017-08-29,3.1045,72.202
1502,2017-08-28,3.086,51.382
1503,2017-08-25,3.0565,55.693
1504,2017-08-24,3.0565,55.206
1505,2017-08-23,3.003,45.001
1506,2017-08-22,3.0075,48.242
1507,2017-08-21,3.0015,35.715
1508,2017-08-18,2.9615,29.58
1509,2017-08-17,2.938,89.909
1510,2017-08-16,2.9535,137.755
1511,2017-08-15,2.883,76.712
1512,2017-08-14,2.9045,65.68
1513,2017-08-11,2.912,90.413
1514,2017-08-10,2.903,84.578
1515,2017-08-09,2.927,94.492
1516,2017-08-08,2.9425,96.534
1517,2017-08-07,2.907,106.072
1518,2017-08-04,2.885,78.898
1519,2017-08-03,2.878,64.61
1520,2017-08-02,2.8845,68.203
1521,2017-08-01,2.881,74.292
1522,2017-07-31,2.8915,89.434
1523,2017-07-28,2.875,73.077
1524,2017-07-27,2.8775,78.089
1525,2017-07-26,2.872,148.328
1526,2017-07-25,2.8465,152.676
1527,2017-07-24,2.7365,43.95
1528,2017-07-21,2.7225,62.806
1529,2017-07-20,2.716,52.081
1530,2017-07-19,2.7105,55.579
1531,2017-07-18,2.7305,52.004
1532,2017-07-17,2.724,70.859
1533,2017-07-14,2.691,55.398
1534,2017-07-13,2.6615,56.908
1535,2017-07-12,2.684,57.902
1536,2017-07-11,2.672,60.499
1537,2017-07-10,2.6475,54.658
1538,2017-07-07,2.647,52.396
1539,2017-07-06,2.6615,48.769
1540,2017-07-05,2.66,97.64
1541,2017-07-03,2.693,7.627
1542,2017-06-30,2.711,64.094
1543,2017-06-29,2.6955,80.126
1544,2017-06-28,2.676,49.148
1545,2017-06-27,2.6615,46.954
1546,2017-06-26,2.6385,31.035
1547,2017-06-23,2.6345,31.614
1548,2017-06-22,2.61,39.495
1549,2017-06-21,2.615,41.509
1550,2017-06-20,2.572,27.605
1551,2017-06-19,2.606,26.515
1552,2017-06-16,2.579,12.566
1553,2017-06-15,2.5655,65.076
1554,2017-06-14,2.5735,68.907
1555,2017-06-13,2.5965,65.319
1556,2017-06-12,2.6155,67.454
1557,2017-06-09,2.6495,87.069
1558,2017-06-08,2.6095,103.923
1559,2017-06-07,2.5515,74.721
1560,2017-06-06,2.547,83.874
1561,2017-06-05,2.5575,55.862
1562,2017-06-02,2.5745,89.339
1563,2017-06-01,2.5875,67.639
1564,2017-05-31,2.58,72.258
1565,2017-05-30,2.564,48.645
1566,2017-05-26,2.566,898.0
1567,2017-05-25,2.5975,79.016
1568,2017-05-24,2.5835,83.191
1569,2017-05-23,2.596,57.363
1570,2017-05-22,2.5955,62.031
1571,2017-05-19,2.5815,79.617
1572,2017-05-18,2.5315,83.693
1573,2017-05-17,2.5465,60.697
1574,2017-05-16,2.5505,51.098
1575,2017-05-15,2.539,52.809
1576,2017-05-12,2.524,44.838
1577,2017-05-11,2.508,77.952
1578,2017-05-10,2.4945,56.825
1579,2017-05-09,2.498,60.569
1580,2017-05-08,2.4935,91.476
1581,2017-05-05,2.5285,79.606
1582,2017-05-04,2.5115,100.261
1583,2017-05-03,2.5435,111.819
1584,2017-05-02,2.6355,85.773
1585,2017-05-01,2.6605,48.724
1586,2017-04-28,2.6075,75.084
1587,2017-04-27,2.593,83.455
1588,2017-04-26,2.6005,52.551
1589,2017-04-25,2.591,45.855
1590,2017-04-24,2.565,31.744
1591,2017-04-21,2.551,25.162
1592,2017-04-20,2.557,29.13
1593,2017-04-19,2.549,34.64
1594,2017-04-18,2.5405,43.079
1595,2017-04-17,2.596,65.953
1596,2017-04-13,2.5705,84.935
1597,2017-04-12,2.545,111.642
1598,2017-04-11,2.608,98.018
1599,2017-04-10,2.604,80.405
1600,2017-04-07,2.647,95.468
1601,2017-04-06,2.658,78.02
1602,2017-04-05,2.68,101.986
1603,2017-04-04,2.612,42.925
1604,2017-04-03,2.6035,55.202
1605,2017-03-31,2.6525,76.52
1606,2017-03-30,2.6715,89.1
1607,2017-03-29,2.6775,69.057
1608,2017-03-28,2.676,73.941
1609,2017-03-27,2.632,94.972
1610,2017-03-24,2.631,47.886
1611,2017-03-23,2.6445,72.353
1612,2017-03-22,2.6305,67.495
1613,2017-03-21,2.6185,75.564
1614,2017-03-20,2.667,62.966
1615,2017-03-17,2.6915,42.628
1616,2017-03-16,2.6775,56.051
1617,2017-03-15,2.6565,48.801
1618,2017-03-14,2.635,62.808
1619,2017-03-13,2.6255,54.09
1620,2017-03-10,2.595,66.387
1621,2017-03-09,2.58,74.305
1622,2017-03-08,2.6005,68.131
1623,2017-03-07,2.6185,68.324
1624,2017-03-06,2.652,63.928
1625,2017-03-03,2.6965,48.361
1626,2017-03-02,2.6905,54.08
1627,2017-03-01,2.736,66.85
1628,2017-02-28,2.714,52.648
1629,2017-02-27,2.698,61.094
1630,2017-02-24,2.696,64.1
1631,2017-02-23,2.659,51.19
1632,2017-02-22,2.746,30.304
1633,2017-02-21,2.7575,56.787
1634,2017-02-17,2.72,3.952
1635,2017-02-16,2.7355,54.512
1636,2017-02-15,2.7405,85.156
1637,2017-02-14,2.737,119.191
1638,2017-02-13,2.783,90.241
1639,2017-02-10,2.768,123.983
1640,2017-02-09,2.6535,63.216
1641,2017-02-08,2.6665,70.921
1642,2017-02-07,2.632,58.42
1643,2017-02-06,2.6515,53.616
1644,2017-02-03,2.616,83.963
1645,2017-02-02,2.6855,53.464
1646,2017-02-01,2.7115,50.186
1647,2017-01-31,2.7275,56.411
1648,2017-01-30,2.655,54.134
1649,2017-01-27,2.6895,38.794
1650,2017-01-26,2.673,56.806
1651,2017-01-25,2.71,76.168
1652,2017-01-24,2.7085,76.382
1653,2017-01-23,2.6475,50.496
1654,2017-01-20,2.625,59.034
1655,2017-01-19,2.6105,56.27
1656,2017-01-18,2.6165,50.69
1657,2017-01-17,2.625,113.316
1658,2017-01-13,2.69,11.025
1659,2017-01-12,2.6715,86.219
1660,2017-01-11,2.6105,65.315
1661,2017-01-10,2.6125,89.214
1662,2017-01-09,2.5385,56.503
1663,2017-01-06,2.546,51.308
1664,2017-01-05,2.5375,65.866
1665,2017-01-04,2.5565,71.26
1666,2017-01-03,2.489,66.64
1667,2016-12-30,2.5055,30.53
1668,2016-12-29,2.488,41.285
1669,2016-12-28,2.5005,64.745
1670,2016-12-27,2.5155,38.455
1671,2016-12-23,2.479,39.056
1672,2016-12-22,2.479,39.056
1673,2016-12-21,2.497,39.888
1674,2016-12-20,2.5025,43.794
1675,2016-12-19,2.4995,66.48
1676,2016-12-16,2.5645,56.642
1677,2016-12-15,2.6005,67.61
1678,2016-12-14,2.6045,60.351
1679,2016-12-13,2.5985,71.286
1680,2016-12-12,2.619,66.651
1681,2016-12-09,2.6475,62.88
1682,2016-12-08,2.626,84.797
1683,2016-12-07,2.644,81.964
1684,2016-12-06,2.68,70.812
1685,2016-12-05,2.698,72.707
1686,2016-12-02,2.625,65.683
1687,2016-12-01,2.643,88.02
1688,2016-11-30,2.633,128.135
1689,2016-11-29,2.61,125.576
1690,2016-11-28,2.6705,91.051
1691,2016-11-25,2.6815,76.794
1692,2016-11-23,2.6175,8.843
1693,2016-11-22,2.556,41.356
1694,2016-11-21,2.5275,42.507
1695,2016-11-18,2.478,32.652
1696,2016-11-17,2.502,24.979
1697,2016-11-16,2.4675,116.974
1698,2016-11-15,2.505,147.268
1699,2016-11-14,2.521,145.801
1700,2016-11-11,2.509,270.638
1701,2016-11-10,2.551,164.655
1702,2016-11-09,2.4595,202.069
1703,2016-11-08,2.38,151.593
1704,2016-11-07,2.3095,117.278
1705,2016-11-04,2.265,83.5
1706,2016-11-03,2.249,74.947
1707,2016-11-02,2.2305,78.532
1708,2016-11-01,2.229,95.476
1709,2016-10-31,2.205,78.511
1710,2016-10-28,2.1935,80.208
1711,2016-10-27,2.1635,60.02
1712,2016-10-26,2.1455,53.5
1713,2016-10-25,2.1385,89.012
1714,2016-10-24,2.093,49.897
1715,2016-10-21,2.0885,39.416
1716,2016-10-20,2.096,42.499
1717,2016-10-19,2.1035,62.52
1718,2016-10-18,2.1055,59.17
1719,2016-10-17,2.107,59.214
1720,2016-10-14,2.1105,66.268
1721,2016-10-13,2.122,95.598
1722,2016-10-12,2.1765,42.636
1723,2016-10-11,2.1855,58.577
1724,2016-10-10,2.1975,62.886
1725,2016-10-07,2.1635,59.457
1726,2016-10-06,2.1555,41.886
1727,2016-10-05,2.1645,36.441
1728,2016-10-04,2.167,51.72
1729,2016-10-03,2.192,67.25
1730,2016-09-30,2.2105,57.105
1731,2016-09-29,2.19,60.253
1732,2016-09-28,2.1875,49.045
1733,2016-09-27,2.171,60.495
1734,2016-09-26,2.1985,50.116
1735,2016-09-23,2.201,56.553
1736,2016-09-22,2.1945,63.41
1737,2016-09-21,2.155,39.119
1738,2016-09-20,2.165,47.803
1739,2016-09-19,2.1565,46.094
1740,2016-09-16,2.16,44.329
1741,2016-09-15,2.1595,49.631
1742,2016-09-14,2.155,67.302
1743,2016-09-13,2.1015,58.857
1744,2016-09-12,2.1,78.739
1745,2016-09-09,2.0925,48.257
1746,2016-09-08,2.1,45.927
1747,2016-09-07,2.0975,45.319
1748,2016-09-06,2.0975,72.702
1749,2016-09-02,2.089,4.679
1750,2016-09-01,2.0755,48.252
1751,2016-08-31,2.0695,46.902
1752,2016-08-30,2.069,51.185
1753,2016-08-29,2.0745,29.295
1754,2016-08-26,2.0785,35.858
1755,2016-08-25,2.0765,34.512
1756,2016-08-24,2.0765,45.787
1757,2016-08-23,2.115,36.518
1758,2016-08-22,2.14,27.206
1759,2016-08-19,2.167,11.717
1760,2016-08-18,2.1675,21.041
1761,2016-08-17,2.152,13.057
1762,2016-08-16,2.172,18.826
1763,2016-08-15,2.1515,14.359
1764,2016-08-12,2.14,23.341
1765,2016-08-11,2.191,47.664
1766,2016-08-10,2.171,79.07
1767,2016-08-09,2.15,54.371
1768,2016-08-08,2.165,54.068
1769,2016-08-05,2.154,50.256
1770,2016-08-04,2.174,68.364
1771,2016-08-03,2.1985,69.701
1772,2016-08-02,2.209,70.359
1773,2016-08-01,2.1995,61.008
1774,2016-07-29,2.2215,57.421
1775,2016-07-28,2.209,54.382
1776,2016-07-27,2.185,65.21
1777,2016-07-26,2.2255,49.288
1778,2016-07-25,2.217,58.211
1779,2016-07-22,2.2355,64.097
1780,2016-07-21,2.2585,52.372
1781,2016-07-20,2.2585,62.039
1782,2016-07-19,2.254,61.204
1783,2016-07-18,2.263,73.415
1784,2016-07-15,2.237,62.183
1785,2016-07-14,2.2335,52.471
1786,2016-07-13,2.243,94.274
1787,2016-07-12,2.213,71.214
1788,2016-07-11,2.1475,50.976
1789,2016-07-08,2.119,43.312
1790,2016-07-07,2.1235,52.331
1791,2016-07-06,2.1535,69.044
1792,2016-07-05,2.1835,107.837
1793,2016-07-01,2.217,11.206
1794,2016-06-30,2.1955,54.81
1795,2016-06-29,2.186,49.181
1796,2016-06-28,2.1755,54.909
1797,2016-06-27,2.1255,34.189
1798,2016-06-24,2.116,54.285
1799,2016-06-23,2.1655,52.541
1800,2016-06-22,2.136,37.452
1801,2016-06-21,2.118,26.643
1802,2016-06-20,2.093,58.845
1803,2016-06-17,2.051,51.004
1804,2016-06-16,2.048,75.525
1805,2016-06-15,2.091,91.47
1806,2016-06-14,2.0405,54.713
1807,2016-06-13,2.0535,73.788
1808,2016-06-10,2.0305,55.956
1809,2016-06-09,2.039,77.768
1810,2016-06-08,2.0615,66.27
1811,2016-06-07,2.051,95.266
1812,2016-06-06,2.1175,66.424
1813,2016-06-03,2.113,82.829
1814,2016-06-02,2.07,50.751
1815,2016-06-01,2.073,72.858
1816,2016-05-31,2.0955,76.76
1817,2016-05-27,2.114,4.6
1818,2016-05-26,2.1025,55.204
1819,2016-05-25,2.1015,63.648
1820,2016-05-24,2.0665,59.257
1821,2016-05-23,2.055,50.724
1822,2016-05-20,2.0555,45.165
1823,2016-05-19,2.061,59.685
1824,2016-05-18,2.0785,70.094
1825,2016-05-17,2.089,56.735
1826,2016-05-16,2.089,60.086
1827,2016-05-13,2.074,60.751
1828,2016-05-12,2.0745,95.556
1829,2016-05-11,2.1035,62.875
1830,2016-05-10,2.0925,61.147
1831,2016-05-09,2.1065,75.334
1832,2016-05-06,2.154,62.435
1833,2016-05-05,2.154,63.846
1834,2016-05-04,2.1865,58.127
1835,2016-05-03,2.219,68.291
1836,2016-05-02,2.2665,28.557
1837,2016-04-29,2.2835,66.661
1838,2016-04-28,2.2315,49.756
1839,2016-04-27,2.2245,53.43
1840,2016-04-26,2.2465,39.011
1841,2016-04-25,2.256,33.431
1842,2016-04-22,2.2685,35.467
1843,2016-04-21,2.256,37.669
1844,2016-04-20,2.2455,29.453
1845,2016-04-19,2.2315,20.591
1846,2016-04-18,2.173,18.317
1847,2016-04-15,2.162,52.079
1848,2016-04-14,2.171,53.407
1849,2016-04-13,2.168,79.958
1850,2016-04-12,2.147,81.683
1851,2016-04-11,2.0905,60.722
1852,2016-04-08,2.087,71.092
1853,2016-04-07,2.0765,95.953
1854,2016-04-06,2.1435,51.139
1855,2016-04-05,2.138,55.586
1856,2016-04-04,2.1405,44.939
1857,2016-04-01,2.163,59.951
1858,2016-03-31,2.183,67.131
1859,2016-03-30,2.19,60.673
1860,2016-03-29,2.214,64.383
1861,2016-03-28,2.246,25.919
1862,2016-03-24,2.229,53.637
1863,2016-03-23,2.2355,61.329
1864,2016-03-22,2.2895,34.667
1865,2016-03-21,2.2925,44.29
1866,2016-03-18,2.2825,60.779
1867,2016-03-17,2.2925,71.476
1868,2016-03-16,2.2925,48.272
1869,2016-03-15,2.2335,40.893
1870,2016-03-14,2.2395,54.524
1871,2016-03-11,2.241,49.059
1872,2016-03-10,2.22,52.756
1873,2016-03-09,2.2325,63.942
1874,2016-03-08,2.222,80.229
1875,2016-03-07,2.2835,78.228
1876,2016-03-04,2.2745,103.998
1877,2016-03-03,2.2085,61.53
1878,2016-03-02,2.181,68.268
1879,2016-03-01,2.1455,56.756
1880,2016-02-29,2.1325,54.974
1881,2016-02-26,2.125,95.505
1882,2016-02-25,2.073,57.711
1883,2016-02-24,2.101,42.621
1884,2016-02-23,2.109,34.444
1885,2016-02-22,2.119,33.532
1886,2016-02-19,2.0805,23.601
1887,2016-02-18,2.0765,18.731
1888,2016-02-17,2.079,18.832
1889,2016-02-16,2.0565,31.846
1890,2016-02-12,2.029,12.412
1891,2016-02-11,2.0065,53.161
1892,2016-02-10,2.027,51.636
1893,2016-02-09,2.0395,76.315
1894,2016-02-08,2.0905,53.048
1895,2016-02-05,2.103,58.935
1896,2016-02-04,2.1315,66.663
1897,2016-02-03,2.095,65.729
1898,2016-02-02,2.055,54.999
1899,2016-02-01,2.0555,50.925
1900,2016-01-29,2.067,44.578
1901,2016-01-28,2.0515,51.604
1902,2016-01-27,2.064,58.887
1903,2016-01-26,2.0375,63.854
1904,2016-01-25,1.998,49.679
1905,2016-01-22,2.0025,50.797
1906,2016-01-21,1.9965,55.342
1907,2016-01-20,1.9595,51.47
1908,2016-01-19,1.9775,81.411
1909,2016-01-15,1.9435,7.975
1910,2016-01-14,1.976,61.977
1911,2016-01-13,1.956,49.211
1912,2016-01-12,1.959,52.693
1913,2016-01-11,1.9725,66.15
1914,2016-01-08,2.022,55.517
1915,2016-01-07,2.022,107.554
1916,2016-01-06,2.088,38.51
1917,2016-01-05,2.0955,41.277
1918,2016-01-04,2.0795,55.812
1919,2015-12-31,2.135,22.801
1920,2015-12-30,2.142,2.622
1921,2015-12-29,2.1365,2.622
1922,2015-12-28,2.079,22.505
1923,2015-12-25,2.124,0.0
1924,2015-12-24,2.124,15.75
1925,2015-12-23,2.1245,26.324
1926,2015-12-22,2.1145,4.514
1927,2015-12-21,2.14,4.514
1928,2015-12-18,2.1125,57.464
1929,2015-12-17,2.0435,44.415
1930,2015-12-16,2.0715,46.481
1931,2015-12-15,2.0565,56.872
1932,2015-12-14,2.1115,38.329
1933,2015-12-11,2.1165,65.874
1934,2015-12-10,2.0725,28.185
1935,2015-12-09,2.066,47.166
1936,2015-12-08,2.054,41.387
1937,2015-12-07,2.051,38.979
1938,2015-12-04,2.079,50.683
1939,2015-12-03,2.061,54.334
1940,2015-12-02,2.033,54.806
1941,2015-12-01,2.0715,54.893
1942,2015-11-30,2.0485,51.404
1943,2015-11-27,2.0575,81.561
1944,2015-11-26,2.049,0.0
1945,2015-11-25,2.049,15.269
1946,2015-11-24,2.069,50.15
1947,2015-11-23,2.0215,39.672
1948,2015-11-20,2.0595,28.222
1949,2015-11-19,2.083,0.0
1950,2015-11-18,2.083,22.761
1951,2015-11-17,2.1115,24.99
1952,2015-11-16,2.1155,65.261
1953,2015-11-13,2.168,45.28
1954,2015-11-12,2.1725,72.473
1955,2015-11-11,2.218,49.191
1956,2015-11-10,2.2175,62.208
1957,2015-11-09,2.23,48.06
1958,2015-11-06,2.242,63.185
1959,2015-11-05,2.255,78.867
1960,2015-11-04,2.3225,56.775
1961,2015-11-03,2.3305,51.333
1962,2015-11-02,2.319,42.106
1963,2015-10-30,2.3175,41.945
1964,2015-10-29,2.321,47.13
1965,2015-10-28,2.3625,56.488
1966,2015-10-27,2.362,41.101
1967,2015-10-26,2.357,38.67
1968,2015-10-23,2.35,64.179
1969,2015-10-22,2.3835,51.177
1970,2015-10-21,2.3605,46.031
1971,2015-10-20,2.3655,40.149
1972,2015-10-19,2.3675,39.16
1973,2015-10-16,2.4035,39.18
1974,2015-10-15,2.423,40.022
1975,2015-10-14,2.4155,32.977
1976,2015-10-13,2.3875,37.515
1977,2015-10-12,2.4155,34.752
1978,2015-10-09,2.414,72.608
1979,2015-10-08,2.343,43.916
1980,2015-10-07,2.367,40.767
1981,2015-10-06,2.355,33.519
1982,2015-10-05,2.3555,34.64
1983,2015-10-02,2.3255,41.685
1984,2015-10-01,2.3045,51.341
1985,2015-09-30,2.341,67.337
1986,2015-09-29,2.2515,37.593
1987,2015-09-28,2.2515,45.146
1988,2015-09-25,2.2835,33.36
1989,2015-09-24,2.3025,48.294
1990,2015-09-23,2.2955,40.251
1991,2015-09-22,2.2975,68.344
1992,2015-09-21,2.3885,33.207
1993,2015-09-18,2.386,57.312
1994,2015-09-17,2.452,42.363
1995,2015-09-16,2.452,39.092
1996,2015-09-15,2.4265,35.997
1997,2015-09-14,2.4055,39.799
1998,2015-09-11,2.4535,43.364
1999,2015-09-10,2.447,44.622
2000,2015-09-09,2.4365,57.6
2001,2015-09-08,2.434,100.997
2002,2015-09-07,2.312,0.0
2003,2015-09-04,2.312,3.326
2004,2015-09-03,2.3845,48.052
2005,2015-09-02,2.3295,45.425
2006,2015-09-01,2.3015,41.861
2007,2015-08-31,2.3375,34.408
2008,2015-08-28,2.346,59.351
2009,2015-08-27,2.3285,41.52
2010,2015-08-26,2.235,40.705
2011,2015-08-25,2.3005,42.247
2012,2015-08-24,2.248,48.972
2013,2015-08-21,2.2985,24.556
2014,2015-08-20,2.3175,23.973
2015,2015-08-19,2.2775,17.94
2016,2015-08-18,2.286,17.83
2017,2015-08-17,2.321,44.14
2018,2015-08-14,2.3515,40.75
2019,2015-08-13,2.353,49.503
2020,2015-08-12,2.35,78.373
2021,2015-08-11,2.3315,82.011
2022,2015-08-10,2.4,68.61
2023,2015-08-07,2.3325,59.524
2024,2015-08-06,2.341,37.673
2025,2015-08-05,2.3485,49.187
2026,2015-08-04,2.362,44.118
2027,2015-08-03,2.346,56.064
2028,2015-07-31,2.3635,45.566
2029,2015-07-30,2.377,42.155
2030,2015-07-29,2.4075,47.787
2031,2015-07-28,2.4025,54.028
2032,2015-07-27,2.3535,48.717
2033,2015-07-24,2.3825,55.839
2034,2015-07-23,2.3855,61.884
2035,2015-07-22,2.428,41.377
2036,2015-07-21,2.4745,38.919
2037,2015-07-20,2.4815,38.458
2038,2015-07-17,2.496,37.586
2039,2015-07-16,2.523,35.142
2040,2015-07-15,2.5215,44.531
2041,2015-07-14,2.535,37.45
2042,2015-07-13,2.5445,45.826
2043,2015-07-10,2.5375,37.687
2044,2015-07-09,2.5515,76.871
2045,2015-07-08,2.497,112.022
2046,2015-07-07,2.4465,115.853
2047,2015-07-06,2.538,79.066
2048,2015-07-03,2.631,0.0
2049,2015-07-02,2.631,124.0
2050,2015-07-01,2.6305,46.559
2051,2015-06-30,2.615,55.526
2052,2015-06-29,2.6335,51.792
2053,2015-06-26,2.6355,42.449
2054,2015-06-25,2.6195,32.562
2055,2015-06-24,2.624,41.555
2056,2015-06-23,2.615,25.81
2057,2015-06-22,2.571,20.777
2058,2015-06-19,2.575,21.744
2059,2015-06-18,2.6115,15.502
2060,2015-06-17,2.6085,12.451
2061,2015-06-16,2.6205,15.955
2062,2015-06-15,2.65,20.534
2063,2015-06-12,2.678,39.331
2064,2015-06-11,2.669,73.035
2065,2015-06-10,2.747,58.029
2066,2015-06-09,2.714,51.163
2067,2015-06-08,2.6965,41.197
2068,2015-06-05,2.6925,50.129
2069,2015-06-04,2.687,49.219
2070,2015-06-03,2.7265,44.124
2071,2015-06-02,2.736,45.781
2072,2015-06-01,2.72,46.39
2073,2015-05-29,2.728,61.294
2074,2015-05-28,2.7675,50.002
2075,2015-05-27,2.7685,48.216
2076,2015-05-26,2.778,56.729
2077,2015-05-25,2.811,0.0
2078,2015-05-22,2.811,44.62
2079,2015-05-21,2.8485,29.887
2080,2015-05-20,2.829,38.011
2081,2015-05-19,2.8375,54.341
2082,2015-05-18,2.9065,41.677
2083,2015-05-15,2.9245,36.595
2084,2015-05-14,2.9235,28.84
2085,2015-05-13,2.929,43.352
2086,2015-05-12,2.9315,40.028
2087,2015-05-11,2.903,34.857
2088,2015-05-08,2.9205,39.067
2089,2015-05-07,2.918,37.123
2090,2015-05-06,2.926,43.037
2091,2015-05-05,2.935,48.127
2092,2015-05-04,2.9205,29.355
2093,2015-05-01,2.9295,42.209
2094,2015-04-30,2.8865,61.854
2095,2015-04-29,2.799,39.506
2096,2015-04-28,2.7865,33.546
2097,2015-04-27,2.777,29.44
2098,2015-04-24,2.753,29.342
2099,2015-04-23,2.702,26.499
2100,2015-04-22,2.677,29.074
2101,2015-04-21,2.7055,24.503
2102,2015-04-20,2.73,21.977
2103,2015-04-17,2.77,18.898
2104,2015-04-16,2.7675,20.06
2105,2015-04-15,2.7095,20.505
2106,2015-04-14,2.7,66.631
2107,2015-04-13,2.719,48.342
2108,2015-04-10,2.734,61.708
2109,2015-04-09,2.729,38.31
2110,2015-04-08,2.7315,45.617
2111,2015-04-07,2.763,41.356
2112,2015-04-06,2.717,34.882
2113,2015-04-03,2.734,0.0
2114,2015-04-02,2.734,36.855
2115,2015-04-01,2.7485,48.33
2116,2015-03-31,2.74,46.814
2117,2015-03-30,2.7815,39.46
2118,2015-03-27,2.7675,50.097
2119,2015-03-26,2.811,52.342
2120,2015-03-25,2.792,41.929
2121,2015-03-24,2.803,60.804
2122,2015-03-23,2.7895,66.503
2123,2015-03-20,2.761,75.848
2124,2015-03-19,2.66,58.617
2125,2015-03-18,2.5705,70.324
2126,2015-03-17,2.633,44.197
2127,2015-03-16,2.6675,30.145
2128,2015-03-13,2.6635,37.945
2129,2015-03-12,2.6585,59.396
2130,2015-03-11,2.606,39.712
2131,2015-03-10,2.624,40.7
2132,2015-03-09,2.6705,48.79
2133,2015-03-06,2.609,41.26
2134,2015-03-05,2.6525,28.936
2135,2015-03-04,2.6595,31.66
2136,2015-03-03,2.6565,45.784
2137,2015-03-02,2.6975,39.672
2138,2015-02-27,2.6915,37.333
2139,2015-02-26,2.6945,57.577
2140,2015-02-25,2.6435,38.004
2141,2015-02-24,2.6395,39.218
2142,2015-02-23,2.5865,21.222
2143,2015-02-20,2.591,28.397
2144,2015-02-19,2.6155,20.464
2145,2015-02-18,2.61,21.895
2146,2015-02-17,2.5815,72.537
2147,2015-02-16,2.605,0.0
2148,2015-02-13,2.605,42.457
2149,2015-02-12,2.602,63.818
2150,2015-02-11,2.541,54.075
2151,2015-02-10,2.5515,54.489
2152,2015-02-09,2.5805,45.58
2153,2015-02-06,2.5855,48.578
2154,2015-02-05,2.595,56.643
2155,2015-02-04,2.591,59.942
2156,2015-02-03,2.5815,64.276
2157,2015-02-02,2.49,44.989
2158,2015-01-30,2.4945,51.413
2159,2015-01-29,2.4515,54.943
2160,2015-01-28,2.4795,47.832
2161,2015-01-27,2.4625,55.39
2162,2015-01-26,2.543,82.085
2163,2015-01-23,2.5015,47.044
2164,2015-01-22,2.5785,41.258
2165,2015-01-21,2.6125,52.744
2166,2015-01-20,2.594,79.435
2167,2015-01-19,2.617,0.0
2168,2015-01-16,2.617,61.063
2169,2015-01-15,2.558,88.87
2170,2015-01-14,2.5055,122.508
2171,2015-01-13,2.644,68.122
2172,2015-01-12,2.7255,54.015
2173,2015-01-09,2.7545,43.056
2174,2015-01-08,2.7695,46.387
2175,2015-01-07,2.7585,36.215
2176,2015-01-06,2.767,33.54
2177,2015-01-05,2.766,49.992
2178,2015-01-02,2.8175,23.365
2179,2015-01-01,2.8255,0.0
2180,2014-12-31,2.8255,20.165
2181,2014-12-30,2.854,32.129
2182,2014-12-29,2.822,35.688
2183,2014-12-26,2.814,15.75
2184,2014-12-25,2.8535,0.0
2185,2014-12-24,2.8535,14.712
2186,2014-12-23,2.866,19.362
2187,2014-12-22,2.8725,23.713
2188,2014-12-19,2.8845,30.839
2189,2014-12-18,2.8535,35.177
2190,2014-12-17,2.8705,43.116
2191,2014-12-16,2.8585,49.107
2192,2014-12-15,2.8785,40.167
2193,2014-12-12,2.934,25.939
2194,2014-12-11,2.921,32.548
2195,2014-12-10,2.893,29.963
2196,2014-12-09,2.9275,60.411
2197,2014-12-08,2.8855,33.035
2198,2014-12-05,2.9025,29.766
2199,2014-12-04,2.9145,46.563
2200,2014-12-03,2.872,33.919
2201,2014-12-02,2.8915,50.867
2202,2014-12-01,2.898,96.369
2203,2014-11-28,2.846,105.752
2204,2014-11-27,2.9565,0.0
2205,2014-11-26,2.9565,265.0
2206,2014-11-25,2.9775,51.537
2207,2014-11-24,3.006,38.014
2208,2014-11-21,3.029,33.908
2209,2014-11-20,3.0115,18.375
2210,2014-11-19,3.0325,20.078
2211,2014-11-18,2.992,19.575
2212,2014-11-17,3.0315,16.891
2213,2014-11-14,3.0385,23.883
2214,2014-11-13,2.9945,51.644
2215,2014-11-12,3.025,38.758
2216,2014-11-11,3.033,42.993
2217,2014-11-10,3.02,31.54
2218,2014-11-07,3.0385,47.609
2219,2014-11-06,3.0175,35.614
2220,2014-11-05,3.0075,54.919
2221,2014-11-04,3.0185,52.693
2222,2014-11-03,3.065,35.11
2223,2014-10-31,3.047,56.496
2224,2014-10-30,3.0625,48.913
2225,2014-10-29,3.1045,44.023
2226,2014-10-28,3.093,40.365
2227,2014-10-27,3.064,41.137
2228,2014-10-24,3.041,29.802
2229,2014-10-23,3.04,33.137
2230,2014-10-22,3.0175,31.903
2231,2014-10-21,3.028,42.345
2232,2014-10-20,2.988,30.896
2233,2014-10-17,3.0035,44.037
2234,2014-10-16,2.9815,78.408
2235,2014-10-15,3.009,75.81
2236,2014-10-14,3.09,61.755
2237,2014-10-13,3.0405,45.901
2238,2014-10-10,3.035,63.667
2239,2014-10-09,3.03,56.446
2240,2014-10-08,3.0035,65.446
2241,2014-10-07,3.039,31.345
2242,2014-10-06,3.0355,33.527
2243,2014-10-03,2.9985,30.874
2244,2014-10-02,2.9985,48.57
2245,2014-10-01,3.036,43.692
2246,2014-09-30,3.0075,52.112
2247,2014-09-29,3.0565,48.795
2248,2014-09-26,3.0355,29.289
2249,2014-09-25,3.03,50.135
2250,2014-09-24,3.0535,52.425
2251,2014-09-23,3.035,42.518
2252,2014-09-22,3.0385,57.034
2253,2014-09-19,3.0915,38.98
2254,2014-09-18,3.094,40.711
2255,2014-09-17,3.1435,39.83
2256,2014-09-16,3.166,79.046
2257,2014-09-15,3.0855,38.784
2258,2014-09-12,3.1065,32.061
2259,2014-09-11,3.0925,50.126
2260,2014-09-10,3.1105,37.627
2261,2014-09-09,3.102,67.408
2262,2014-09-08,3.1685,37.426
2263,2014-09-05,3.1695,24.621
2264,2014-09-04,3.151,32.507
2265,2014-09-03,3.127,41.795
2266,2014-09-02,3.155,45.522
2267,2014-09-01,3.1605,0.0
2268,2014-08-29,3.1605,37.296
2269,2014-08-28,3.1505,42.252
2270,2014-08-27,3.1985,28.36
2271,2014-08-26,3.2125,22.761
2272,2014-08-25,3.237,14.105
2273,2014-08-22,3.223,18.905
2274,2014-08-21,3.195,15.442
2275,2014-08-20,3.1975,28.892
2276,2014-08-19,3.119,13.682
2277,2014-08-18,3.1335,13.137
2278,2014-08-15,3.1245,12.081
2279,2014-08-14,3.1125,14.39
2280,2014-08-13,3.112,59.861
2281,2014-08-12,3.1545,49.462
2282,2014-08-11,3.1745,40.223
2283,2014-08-08,3.1735,40.599
2284,2014-08-07,3.176,56.344
2285,2014-08-06,3.166,53.7
2286,2014-08-05,3.2045,47.978
2287,2014-08-04,3.244,42.397
2288,2014-08-01,3.2145,42.686
2289,2014-07-31,3.231,41.314
2290,2014-07-30,3.2415,37.758
2291,2014-07-29,3.219,33.71
2292,2014-07-28,3.2435,31.692
2293,2014-07-25,3.2405,41.178
2294,2014-07-24,3.2665,57.886
2295,2014-07-23,3.207,29.925
2296,2014-07-22,3.208,42.252
2297,2014-07-21,3.199,36.193
2298,2014-07-18,3.1845,43.229
2299,2014-07-17,3.2205,37.818
2300,2014-07-16,3.2145,39.977
2301,2014-07-15,3.2495,44.19
2302,2014-07-14,3.249,34.429
2303,2014-07-11,3.269,36.889
2304,2014-07-10,3.267,42.77
2305,2014-07-09,3.248,39.284
2306,2014-07-08,3.257,45.54
2307,2014-07-07,3.261,35.84
2308,2014-07-04,3.2795,0.0
2309,2014-07-03,3.2795,90.0
2310,2014-07-02,3.265,51.689
2311,2014-07-01,3.204,34.523
2312,2014-06-30,3.2035,42.226
2313,2014-06-27,3.168,39.626
2314,2014-06-26,3.172,38.346
2315,2014-06-25,3.166,36.022
2316,2014-06-24,3.145,26.301
2317,2014-06-23,3.142,29.627
2318,2014-06-20,3.113,19.028
2319,2014-06-19,3.0755,14.147
2320,2014-06-18,3.061,12.98
2321,2014-06-17,3.058,10.564
2322,2014-06-16,3.044,13.976
2323,2014-06-13,3.0295,40.27
2324,2014-06-12,3.0155,56.044
2325,2014-06-11,3.0405,51.282
2326,2014-06-10,3.053,44.983
2327,2014-06-09,3.0435,56.873
2328,2014-06-06,3.051,69.748
2329,2014-06-05,3.0905,44.014
2330,2014-06-04,3.093,49.294
2331,2014-06-03,3.137,35.543
2332,2014-06-02,3.1705,30.206
2333,2014-05-30,3.1235,37.689
2334,2014-05-29,3.1445,34.45
2335,2014-05-28,3.1735,27.626
2336,2014-05-27,3.1775,34.472
2337,2014-05-26,3.1675,0.0
2338,2014-05-23,3.1675,28.009
2339,2014-05-22,3.142,41.256
2340,2014-05-21,3.123,39.44
2341,2014-05-20,3.145,34.409
2342,2014-05-19,3.167,32.725
2343,2014-05-16,3.147,33.982
2344,2014-05-15,3.1445,38.176
2345,2014-05-14,3.16,42.892
2346,2014-05-13,3.1355,38.583
2347,2014-05-12,3.1495,53.984
2348,2014-05-09,3.083,37.452
2349,2014-05-08,3.0625,37.165
2350,2014-05-07,3.0325,39.099
2351,2014-05-06,3.057,24.352
2352,2014-05-05,3.0535,18.345
2353,2014-05-02,3.07,35.757
2354,2014-05-01,3.0215,28.291
2355,2014-04-30,3.0275,47.741
2356,2014-04-29,3.073,38.852
2357,2014-04-28,3.093,35.671
2358,2014-04-25,3.093,24.814
2359,2014-04-24,3.088,31.748
2360,2014-04-23,3.0395,27.252
2361,2014-04-22,3.034,21.002
2362,2014-04-21,3.0285,7.371
2363,2014-04-18,3.034,0.0
2364,2014-04-17,3.034,11.056
2365,2014-04-16,3.0155,21.689
2366,2014-04-15,2.983,26.82
2367,2014-04-14,3.0365,9.226
2368,2014-04-11,3.0415,66.551
2369,2014-04-10,3.045,47.202
2370,2014-04-09,3.037,54.939
2371,2014-04-08,3.051,45.915
2372,2014-04-07,3.0395,49.042
2373,2014-04-04,3.0225,39.447
2374,2014-04-03,3.027,41.756
2375,2014-04-02,3.0455,48.426
2376,2014-04-01,3.0345,30.413
2377,2014-03-31,3.0255,38.665
2378,2014-03-28,3.0415,46.965
2379,2014-03-27,2.993,40.831
2380,2014-03-26,2.9655,44.661
2381,2014-03-25,3.0055,61.345
2382,2014-03-24,2.9455,42.694
2383,2014-03-21,2.9505,43.979
2384,2014-03-20,2.9285,64.042
2385,2014-03-19,2.987,106.723
2386,2014-03-18,2.9515,47.717
2387,2014-03-17,2.952,50.104
2388,2014-03-14,2.9505,45.876
2389,2014-03-13,2.923,58.913
2390,2014-03-12,2.962,92.386
2391,2014-03-11,2.952,81.427
2392,2014-03-10,3.0315,76.248
2393,2014-03-07,3.0825,91.913
2394,2014-03-06,3.218,30.98
2395,2014-03-05,3.2025,34.677
2396,2014-03-04,3.2145,49.245
2397,2014-03-03,3.172,44.893
2398,2014-02-28,3.1875,42.521
2399,2014-02-27,3.201,48.835
2400,2014-02-26,3.2155,33.398
2401,2014-02-25,3.227,22.961
2402,2014-02-24,3.24,24.107
2403,2014-02-21,3.26,22.506
2404,2014-02-20,3.261,20.153
2405,2014-02-19,3.2855,43.34
2406,2014-02-18,3.2855,60.727
2407,2014-02-17,3.2645,0.0
2408,2014-02-14,3.2645,33.397
2409,2014-02-13,3.25,52.625
2410,2014-02-12,3.256,52.146
2411,2014-02-11,3.215,44.669
2412,2014-02-10,3.2245,36.937
2413,2014-02-07,3.236,42.17
2414,2014-02-06,3.229,41.766
2415,2014-02-05,3.1885,31.582
2416,2014-02-04,3.192,36.943
2417,2014-02-03,3.1835,33.503
2418,2014-01-31,3.197,39.612
2419,2014-01-30,3.2265,45.501
2420,2014-01-29,3.2405,37.81
2421,2014-01-28,3.253,36.633
2422,2014-01-27,3.259,43.13
2423,2014-01-24,3.2715,47.757
2424,2014-01-23,3.2855,65.415
2425,2014-01-22,3.337,29.312
2426,2014-01-21,3.351,52.06
2427,2014-01-20,3.3445,0.0
2428,2014-01-17,3.3445,29.606
2429,2014-01-16,3.3425,36.531
2430,2014-01-15,3.358,46.959
2431,2014-01-14,3.336,29.201
2432,2014-01-13,3.3465,42.509
2433,2014-01-10,3.3415,45.936
2434,2014-01-09,3.299,54.294
2435,2014-01-08,3.3425,36.602
2436,2014-01-07,3.3595,33.186
2437,2014-01-06,3.3595,37.252
2438,2014-01-03,3.3815,35.012
2439,2014-01-02,3.3815,41.482
2440,2014-01-01,3.3965,0.0
2441,2013-12-31,3.3965,25.521
2442,2013-12-30,3.3825,22.95
2443,2013-12-27,3.385,36.407
2444,2013-12-26,3.3985,17.466
2445,2013-12-25,3.374,0.0
2446,2013-12-24,3.374,29.308
2447,2013-12-23,3.3075,24.162
2448,2013-12-20,3.308,32.863
2449,2013-12-19,3.2955,40.117
2450,2013-12-18,3.319,38.641
2451,2013-12-17,3.3215,34.68
2452,2013-12-16,3.3295,38.238
2453,2013-12-13,3.312,40.429
2454,2013-12-12,3.2955,52.708
2455,2013-12-11,3.295,56.244
2456,2013-12-10,3.2665,45.129
2457,2013-12-09,3.258,28.79
2458,2013-12-06,3.2485,45.752
2459,2013-12-05,3.2295,37.203
2460,2013-12-04,3.249,71.864
2461,2013-12-03,3.1675,29.787
2462,2013-12-02,3.1825,41.919
2463,2013-11-29,3.205,4.0
2464,2013-11-28,3.1905,0.0
2465,2013-11-27,3.1905,45.867
2466,2013-11-26,3.219,33.189
2467,2013-11-25,3.23,26.253
2468,2013-11-22,3.2185,28.001
2469,2013-11-21,3.199,19.164
2470,2013-11-20,3.1685,12.57
2471,2013-11-19,3.166,22.771
2472,2013-11-18,3.1605,13.709
2473,2013-11-15,3.182,11.056
2474,2013-11-14,3.172,15.435
2475,2013-11-13,3.1595,76.505
2476,2013-11-12,3.234,49.499
2477,2013-11-11,3.2595,36.452
2478,2013-11-08,3.254,56.521
2479,2013-11-07,3.2485,55.91
2480,2013-11-06,3.237,50.124
2481,2013-11-05,3.2585,42.214
2482,2013-11-04,3.253,53.825
2483,2013-11-01,3.2985,41.135
2484,2013-10-31,3.3005,54.602
2485,2013-10-30,3.3255,0.0
2486,2013-10-29,3.278,45.939
2487,2013-10-28,3.269,30.87
2488,2013-10-25,3.269,47.458
2489,2013-10-24,3.2635,49.341
2490,2013-10-23,3.2675,61.867
2491,2013-10-22,3.3355,58.593
2492,2013-10-21,3.3035,25.886
2493,2013-10-18,3.299,40.623
2494,2013-10-17,3.297,45.816
2495,2013-10-16,3.308,56.62
2496,2013-10-15,3.3075,35.715
2497,2013-10-14,3.303,48.167
2498,2013-10-11,3.269,47.895
2499,2013-10-10,3.2485,52.624
2500,2013-10-09,3.231,63.64
2501,2013-10-08,3.2925,41.666
2502,2013-10-07,3.2965,35.968
2503,2013-10-04,3.301,37.465
2504,2013-10-03,3.2685,35.518
2505,2013-10-02,3.316,43.515
2506,2013-10-01,3.274,50.614
2507,2013-09-30,3.323,37.329
2508,2013-09-27,3.3295,33.94
2509,2013-09-26,3.307,40.841
2510,2013-09-25,3.272,29.457
2511,2013-09-24,3.2565,38.431
2512,2013-09-23,3.2985,44.137
2513,2013-09-20,3.3205,40.372
2514,2013-09-19,3.347,42.423
2515,2013-09-18,3.2785,50.19
2516,2013-09-17,3.223,33.58
2517,2013-09-16,3.222,41.387
2518,2013-09-13,3.2035,37.018
