F0,F1,F2,F3,LABEL
-2.1822702492885875,8.795185599389457,5.469284417411591,-0.23796562506715313,0
2.860496748468277,3.6886981159495433,-10.164985369381931,9.966854314422251,2
-7.817618141961113,-7.674397335166532,-5.634218269126588,8.717750567311514,1
-3.186119623358709,9.62596241703919,5.670878358724052,2.904449803056931,0
2.150899720042139,4.041118968655803,-9.584370021736587,9.235391517165635,2
-2.1380517496814413,8.4103009414825,4.726468623701002,1.8174924485486526,0
-8.255969314880229,-9.931890658061343,-10.108678250754288,6.9540721184550245,1
-2.281737688448621,10.321428882480749,3.032395601666874,2.157803542473036,0
-2.7797158677227873,-5.024790865596216,-8.649743659382029,3.318608385755782,1
2.247601941295445,3.2265433861548267,-10.169202036040133,9.256627594868002,2
-2.2130773459881743,9.275341400378212,4.644992292870563,1.7385825505655852,0
-3.2191840942701764,-4.387962659611427,-8.13673674541067,11.720074125986537,1
-0.7437433827716533,9.419267839159277,3.378994881893056,2.891031630995508,0
-3.6015103877253294,8.69787767850352,5.852976536207285,2.114886597580637,0
-3.3346948198452617,8.692900286545328,5.052810290503726,1.4094451311367573,0
-2.6944852819304583,8.884465428464896,4.683690308207211,1.8261676823122435,0
-3.1606156266671985,8.530400294144,4.319531528033782,2.3973356303426483,0
-1.7374989124044053,6.165743507568246,5.788644536600205,0.23345590516263237,0
2.273672638609583,2.91481614575587,-10.071142515845555,10.21278022569036,2
-2.7549406871386943,8.741562558450651,1.9429921932865297,1.9188748174229198,0
-4.964426495189544,-3.8127765335651778,-9.088712947835893,6.814338540056289,1
2.5666850619725117,3.973301193458411,-9.578900589213651,8.812369869581104,2
-1.818853132934139,-10.288044604757973,-8.36406233761002,5.66856747100718,1
-2.1272621708211967,9.444327775389391,5.670162290259944,2.2119588429672454,0
-6.2452780374148364,-5.710876663862363,-6.1238619442876425,7.5684807991759415,1
1.9758281315573816,4.041700594910034,-9.029893226318974,9.491405128111909,2
-0.7115110962032276,9.655128989465332,4.068699846445305,2.5457524652968906,0
1.6167998030497532,3.6044283308399123,-9.458979540156257,9.504566931168716,2
1.718186981141796,4.343009369793171,-9.432755118512354,8.45337239719181,2
-10.620950328876468,-8.505169429293192,-9.046922681111912,3.699409866252378,1
-7.279959180067871,-5.201759402149783,-8.305336186041787,5.443599586151656,1
-8.06422555882856,-6.916240270471644,-7.472617136626761,7.339578590026048,1
1.8718703612937626,3.5567130882115063,-9.39382074940786,9.523933847710142,2
0.9787867255631413,3.869142690592309,-9.603839580519402,8.943355334748968,2
1.9339131533062845,3.3871424064890356,-9.833886987655003,9.25575929655505,2
1.8828585377887974,4.584030541513069,-9.612758705821005,8.695602119838098,2
-1.723397464401918,9.439743689983287,3.672902693098888,1.925458327798752,0
-8.385157342055722,-5.708173953088387,-11.334291354606739,8.078002665047368,1
1.6510581185949835,3.9187986382369746,-8.972872857506584,10.24070418259414,2
-2.422150554814579,8.715278777732454,4.731639612763604,-0.0143992306601608,0
-3.3227568509014196,-4.564571087671966,-6.424834045158084,10.413849720014248,1
1.0683964559254802,3.731259050531158,-9.795112880794774,10.342040871909981,2
-7.526617347819026,-2.8834916670141544,-7.436029136782913,6.584822120425803,1
2.195655223666636,5.4172298317131204,-10.508348986336827,9.382056737715152,2
2.058318665506048,4.055347070970333,-10.064269344095068,9.436937302499317,2
-1.8273061334264389,10.860993453934356,5.223807021554065,1.6138775931536724,0
1.7738342223051866,4.070167068731139,-10.083289010359959,9.380693238236768,2
1.1566995831417128,4.908920669647527,-9.567647297948643,9.619698108463574,2
2.891725910790841,4.000830172861953,-8.67203159234435,9.80527292429902,2
-7.859022563760825,-9.186135054522204,-4.799888532962406,6.5177217424703535,1
-2.5347516940441954,10.187015147457686,5.183478990822533,1.602555351854626,0
1.546142044494777,3.822953986691643,-9.974639836719364,9.813292949171192,2
-8.101750745616956,-9.679153176498474,-8.486112139358001,2.9024245015915744,1
-5.340199316723416,-3.870398500353906,-9.186943445838509,6.198049753370174,1
-1.3414155613929428,9.268706971499535,4.9774814983033036,1.5612927178182647,0
-1.4425229334635963,10.183581718643994,6.0220378272656285,2.621879571530375,0
-5.602646969832284,-4.303658129215803,-10.482914141266352,9.459835983165242,1
-5.0243887611280025,-6.131878142259717,-5.583974533139015,11.227300907315835,1
-6.709988414832762,-4.748175405470398,-7.626495713399823,5.20763127802152,1
-12.31130105618636,-4.761555400399892,-10.176648221520818,7.097189709738301,1
-3.7094940301085266,8.679784892357373,4.164933525067145,1.31984045136702,0
-1.5830200755211088,10.923702768668452,3.24131126240896,2.536138920631303,0
1.524725993937486,4.070699974853075,-10.676842637305379,9.487435375182582,2
-2.9592630945319938,9.63713606054582,3.572258406845507,1.8307901989194386,0
-7.016862192691986,-6.166224406131804,-7.535521685687664,8.936561880373846,1
2.65415357369151,3.738293567188041,-9.316570424748905,9.498102260099243,2
-1.9494071751217104,10.095066853752943,5.473800990777005,2.4323497631691686,0
-8.839041355117262,-8.606462224066595,-11.128807545339116,5.243967394922591,1
-3.571501336778855,9.487878558833502,3.720454601994298,3.5231040889582714,0
-5.961408907647918,-2.2846504012881406,-9.396992712565641,6.4502309252032095,1
-3.4988257596230876,9.955057316186537,3.657391442689792,1.7485365339437073,0
-3.2924509153889874,8.692224611992646,5.453396053597771,0.7423053675067768,0
1.7942398211270816,4.252164865977894,-9.290795381166168,9.119485516685726,2
2.1833413902476684,4.155905553946607,-9.994817300214017,9.809837001078739,2
-3.696796042082263,9.32410683842535,5.273655717160199,2.3869687813922305,0
-0.8220559879801854,9.895925885147772,4.631906194911484,3.453113822830758,0
-8.373402677880375,-3.3241849390296774,-4.491078597142063,9.770668042453192,1
2.058640497028846,3.955704983639819,-9.632927191194675,9.379411720750145,2
-4.782275939977239,-8.423242559643255,-10.234082141501087,4.573137333069466,1
-3.8868669910098412,8.0764610882832,5.154914103436761,2.486955634852941,0
-2.7545857390556208,8.260549963840832,3.750364406602578,1.1573593989752937,0
-2.6672055216317396,8.587405058250901,3.6277744609679337,0.31831301207496265,0
-2.616227983007308,7.9790438057789475,4.086229530880919,0.7752917913518835,0
-5.09117390254816,-5.084645279006111,-7.742138409611692,7.372564559733678,1
-8.879723602145386,-7.038921029814334,-5.744732419925662,6.180268777781729,1
-1.0326572733268544,10.394377482345773,4.014316134718572,2.368973217378141,0
-2.432375731992495,7.7312939040097515,5.636145655675241,1.4794131007794196,0
2.3274083196587867,4.239938036405126,-9.881575748865918,9.510305245385283,2
-4.127228103654843,-1.9842409577244622,-11.912201742767053,8.565270973590007,1
-1.48662719104311,11.454038534537595,6.02415165473862,2.537078803993092,0
2.1915766730071327,3.6924887676527094,-9.47999762638164,8.885320701419747,2
-5.780874114600704,-4.932768334495662,-7.693895591256296,11.509753998867547,1
-3.244727565642517,10.250379303408758,5.73118895682237,2.582307804847909,0
-4.996273138389939,-5.9272136310690025,-5.613945871429147,9.006476293673598,1
-0.19453905637924152,7.147020935606573,5.326139026602615,0.36045381275108035,0
1.71862301825807,4.122841033309386,-9.375388284769036,9.607299921183872,2
1.1948565167500276,3.6814284082811772,-9.649664580881813,9.444883230378212,2
-2.3756567182704678,8.861816291817778,5.347987512916692,2.9298720007353163,0
-3.5902609506526475,9.630221735142586,5.232980094196485,1.6636232446267418,0
1.6872426346370593,4.747310513278989,-10.17639678236134,9.641977191783246,2
-0.4484496981707631,10.769626970641525,4.390914687749028,2.9447406348950875,0
-6.945930339273921,-9.084796221345242,-9.24599516649542,5.461266303482581,1
2.095060833748296,3.854390273416751,-9.517818764277921,10.192510507261684,2
-8.488501771944925,-4.305207549323043,-9.675266086902363,6.3144017573937115,1
-11.804886735430859,-4.6486162475276736,-11.866257579837963,9.150433213165014,1
-3.9111620622393923,-0.4062004882294117,-7.389244823602072,8.13801370695412,1
-3.789502021723645,9.886743456478467,5.2900800141867625,1.873993820161349,0
-5.5338869935271875,-4.198841250001442,-9.750709580493224,5.225498747151187,1
-8.394279243048503,-2.581664827757705,-3.8570393737157147,5.406881446040334,1
2.5548862177213687,4.887759928663998,-10.046470573620661,8.979736691341746,2
-2.5128001621433187,7.855921439005779,6.143277137995252,2.8505319745164033,0
-7.677262030317816,-8.870174235284669,-6.148309910139515,7.3768020371785585,1
-4.138454106624061,-8.444302812016478,-12.136445743132928,6.81607132200956,1
1.0874293850164654,3.9671911683294043,-9.493098169121422,9.622806403882404,2
2.8266906627313624,4.57556640101322,-9.042879278782102,9.166727287227257,2
-6.479581626519301,-5.625652752857084,-6.044830716879858,10.944770990231019,1
1.6628840410598105,4.533954212359549,-9.685658762142292,9.366102954685637,2
-1.8461590723347125,-6.538771265569103,-9.751631634916283,7.785223680160974,1
1.7805194929409072,3.8553680973434985,-9.342706281377954,9.219182353366392,2
-5.880407311769666,-8.50850182775552,-10.159869461010402,8.789432962386437,1
-6.3179153767715555,-4.548632513593222,-12.38424208896859,2.921500885546763,1
-9.267433639524652,-5.821111929292294,-3.6820154585281477,4.654690629863021,1
-1.901301113336211,9.20089525135468,4.193445221677573,2.1672596768390395,0
-6.878307294009777,-5.37709272095316,-12.447964796969865,1.5830705326556078,1
-5.1407827972368265,-4.757354316418087,-9.573245125796467,7.144524785853536,1
3.104828268767477,4.756725853092707,-9.482023098767844,9.911690174899752,2
-2.7617657744459105,7.766502946233472,6.272290140159736,0.5430283059800993,0
-4.75238228573134,-7.223539064274438,-7.862165631813786,7.065468533167462,1
1.9512269663939026,4.3307952148817535,-9.073581373284773,9.834354733254111,2
-8.51481639896983,-11.45669183541709,-7.560321257823558,10.757669278406098,1
-5.037517448420187,-7.5834284860714805,-8.67085096357383,8.613370959758951,1
1.7183626045262668,3.8918902043464194,-9.862444511546489,9.81486399913004,2
2.8296896302191015,4.00043747867488,-8.925594059536412,8.694789538491117,2
-4.496814577711053,-5.597396043032714,-7.025588289516017,8.613968633286099,1
0.9802437651148814,5.023799880801463,-9.732033873784129,9.54186149544139,2
-14.428407580703333,-6.420485731391709,-4.337049802858877,10.420888797847297,1
-4.065826796576654,9.62029607954396,3.3594494837318183,3.727963865925097,0
-11.613663858535734,-6.3468753248436,-8.83531406823045,5.280801337828226,1
1.8284502766598951,3.9546437231060874,-9.827132905385954,8.770629357253188,2
-6.689739021361052,-5.023403547376641,-7.632705374934368,4.229366859680459,1
-6.071929008361197,-7.510993348591666,-9.567855928924871,3.4155458937570606,1
-3.109836312971555,8.722592378405045,4.038172223998704,3.82544786844967,0
-7.20830868033044,-4.814991664672181,-9.930238349731553,3.307080163652005,1
-7.464676838918724,-5.71421365716011,-6.369991465163256,7.133645356392396,1
-9.86371927054247,-4.582224159250943,-6.336871961528565,5.646972392807091,1
-7.971426531252758,-7.045441129840503,-3.5890232837197216,6.705958663633711,1
-4.178602904174122,9.557646320578257,3.977255077282255,2.5437683525338914,0
-6.571615174190056,-5.5013961531747775,-8.729321640704876,11.561150516575585,1
-2.383973120404843,8.58488058707307,4.762176339260385,2.51646771297712,0
-4.575123436208139,-5.673389875252915,-7.788091530506407,8.840649398537881,1
1.6322006703054444,4.826739007940429,-10.186704437297108,9.845045887934441,2
1.9853138030669866,4.123618753757993,-8.602039025689047,8.705203072040387,2
1.4224514706815214,3.0033796244364703,-9.159303016432878,8.984098906757268,2
2.1877258871719647,4.886952274986577,-9.148601593515249,8.859509004747506,2
1.8161898623519406,4.618188421929612,-9.31949516260901,9.612290167145174,2
-6.777329252661967,-9.385578232729628,-6.986266893085696,6.04048899931974,1
-6.827410970411366,-6.303357328979238,-11.988739669567462,5.78261939540001,1
3.17411961091657,3.4217294443510466,-8.958693494190552,9.97141747844025,2
-1.6685540740640261,8.361662148895931,4.193695403013321,0.08362895299520101,0
-3.5304304401834634,9.722642575497675,4.8836795499993,1.4090910532040035,0
-9.270718133196292,-5.699093898575003,-5.128037685296098,8.212556287462853,1
-5.4908455752956495,-9.176825871991182,-9.881744790648721,6.585798129903937,1
-3.146584750359268,10.203302659305873,6.060383084217956,1.4024233901912557,0
-5.500936503052462,-6.028636552274705,-7.86158795431565,4.0073425947209955,1
-1.6095977476194996,9.321585649074931,5.452740955067061,2.602798525864344,0
2.1826930978305175,4.258477527723846,-10.223340658439968,9.54167497039074,2
1.9032450167081487,4.184452929547546,-10.040617301580834,9.984575465873608,2
1.4762184185051308,4.57882721908335,-9.131424303391158,8.62533214989452,2
-7.649712901615623,-4.930958262602597,-5.56255589133699,10.812732442473592,1
-7.779048805623985,-10.195228808481042,-9.8719906594442,7.974224181955918,1
-4.662408715908019,-7.93201407747858,-15.348862398203845,7.82089328248994,1
-2.2531678887388744,9.996977112143835,6.305353280690678,2.9875397489588624,0
-1.3599242967670744,8.311109703072434,4.60489034573114,3.743970319576242,0
-6.22852153281738,-8.227214233757792,-11.359714466826532,2.4169586863172556,1
2.2633335985318688,4.345818129579669,-9.391411464975825,8.43436075356708,2
1.871209941372865,2.8598830120072596,-9.768965395067596,9.366104962595477,2
-3.227641844305186,8.800838976486475,4.950786401826106,3.448525900890284,0
0.9031846182016896,3.1011014796033756,-9.89174270301254,9.627040336266662,2
2.6703317657548737,3.6078731475196832,-9.771063082576584,9.322547433123624,2
1.2650650802737922,4.322248161590528,-8.71084357826033,9.407397858631604,2
-7.628818811168237,-7.005621135880308,-2.2863450290610725,4.543605351063294,1
-1.9872560574358524,9.311270801431508,4.890371686573978,2.319617893437708,0
-8.653576828024201,-10.026371869964283,-9.380870382696937,6.552315944359154,1
1.9526016345325585,4.531278131783244,-10.542988157837598,10.057348205666221,2
-3.5743112861281228,8.709061423843654,4.030366634068818,1.786198380955286,0
1.0467493028448631,4.233245524173489,-10.497299726777529,9.77805319098197,2
-3.3489194652335263,8.4148934827543,2.5159831119182945,1.447414662259971,0
2.0579271098196217,3.514697743318861,-9.936157552682483,8.939133551531599,2
-1.7707310430573397,9.185654409388292,4.524230553839861,1.6720659883514433,0
-9.738942709452925,-6.608710328834639,-8.921402733247163,6.803230772317354,1
2.612620691090248,3.8477948329452576,-9.56569875958396,9.423795994180429,2
-7.2232484777204995,-4.4979232252685994,-4.807632111664397,10.610809049458823,1
1.925165668874916,3.7835558058417273,-9.06395655087567,10.225900599784033,2
-7.494783411476142,-8.988226081566426,-3.4109709628914757,6.883808384417861,1
1.911062786475043,5.184882653780688,-9.925777123479227,9.196659048707371,2
-1.8767898839972292,9.98684057782505,5.261688798445298,0.4029449640502756,0
1.5293983305302623,4.01937400695651,-8.990928683145482,9.845520637026823,2
-6.614891058363185,-5.419077142094736,-3.8972262953472967,3.4129188862210746,1
-2.62152567274358,8.793316528665098,5.254045536271526,2.730677393988037,0
1.9669675505855109,3.7131304422633047,-9.167318266357888,9.213593443016164,2
-0.914692559827778,8.167324779879994,3.648486486771794,-0.1802204296629828,0
-6.928176205870602,-7.638059050361635,-6.838473001780885,3.2827463944072335,1
-10.674311557853294,-7.77268259529247,-6.612369847836545,8.761535455765118,1
1.5817660665335296,3.8053411740963834,-8.994942803995286,10.116364746092875,2
-2.300334028047995,7.054616004318546,3.3116927873296707,2.1700309198098555,0
-6.216221317652199,-8.337006237304902,-14.935370652327084,6.987825010032942,1
1.9471400047282397,3.998103449327727,-10.10959896141924,8.812080166521566,2
-3.0319206435717896,10.06329535403521,3.9355351456853422,0.5647083875771723,0
1.778698774266712,3.9854908970126544,-9.97330814718268,8.75013871111494,2
1.7640854129203898,4.06321826420686,-9.691239829524122,9.024907869969766,2
1.6312984886086572,3.7815999971807654,-10.473844390627997,9.63396823344899,2
-2.554783639408248,9.257625577521013,4.398642778371771,2.325225080455029,0
1.7314092181681486,3.5745115737164226,-9.687278978576291,10.432150212321663,2
2.1488828538831664,4.571623562227137,-9.605116396435808,9.625567499310453,2
-2.404996519100874,8.9516930002988,3.885914247361425,1.692494607073958,0
-3.1329665837485554,10.928317482065108,4.449196435464755,2.190602557120455,0
-1.7522090064073983,8.092120804020697,5.5094847563337614,3.328807542745683,0
-7.0475729162746585,-8.669509566052826,-7.133197592354461,11.041638303838521,1
-0.9586971302386733,8.01593208745953,5.624201234704685,1.759180839715223,0
2.7190274986263914,4.516726107069801,-9.373639702683084,9.588016867432868,2
-8.140076768670449,-7.083916276030061,-7.9691365477901694,6.105451505214822,1
-4.733499399509607,-7.466661018169481,-8.74273276923594,3.702044378914843,1
-3.1826882472966185,9.293280290422123,3.8045317829683443,4.11831881171412,0
1.8422806004856842,3.7974130069932484,-9.401635834228252,9.554386148473172,2
-3.1481593707422526,7.691196334790823,6.28189399636447,2.982986773283366,0
-7.987832819130046,-9.0921163783432,-9.270692906444568,11.60279411585456,1
1.7963255489082368,3.766782303061072,-9.591832606824228,9.290392253955876,2
2.7367290887709594,3.424385489899856,-9.881273950742829,9.562750432594951,2
2.647052685217255,3.4950628571810842,-9.763029777692429,9.011912668861765,2
-1.7815680794157704,9.066232014005621,5.372518913443681,1.8924531038321497,0
-1.6966718006585522,10.370526156769145,4.5678687146477674,2.976702581832756,0
2.378656249294841,3.2198764518916168,-9.774469640552912,9.616853636759366,2
-5.239875249826868,-6.39326910647901,-8.885099647750755,6.352226782776489,1
1.1342943578399747,4.693422049701337,-9.462025691085639,10.09046306703684,2
1.3381427154477703,5.155089555536313,-9.13262875299659,9.451073938875627,2
1.7112828320869848,4.452820347507841,-9.339873318830152,9.933082770731811,2
-7.225767151110705,-9.94085518399936,-9.360885899851073,5.197221779975453,1
2.1731502393150435,4.2492196707102075,-10.510206905824324,8.95303811922995,2
-2.109974500447471,9.661482067901062,4.156692373928728,3.5471564472307646,0
-5.949363509634113,-5.9072116041061244,-8.971129389179874,10.382445121545272,1
-6.355478652964706,-8.109200057356064,-6.820521265042735,4.889657416237531,1
1.9358993661659434,4.547411633339246,-9.367656538234328,9.031618944684888,2
-1.0622197386990173,9.210840904709896,5.671723375696736,0.48760931090376003,0
-2.2494751213312685,8.109969503093913,5.278471295005476,0.3116496216717721,0
2.254485166637463,3.886175590066665,-9.430130953315878,8.955572700177775,2
-2.598933317339977,10.454403343647794,3.9634865341688315,3.7741101168515474,0
-4.389507976636729,-8.772097314699598,-12.39285442349062,11.07685704538742,1
-5.179086927525146,-3.8988408120810094,-13.284796716652302,8.122652480296146,1
-6.799616818486854,-8.763654269141405,-7.6883973992882195,5.629234491118438,1
2.878320376873122,3.287633301006778,-9.370925081805506,9.635912384503198,2
2.498024873393219,3.978198045736883,-10.44024590749731,8.935964049175109,2
1.656822097006439,4.540412480882718,-9.24555624468885,10.322501459888091,2
2.6313975907413036,4.690135708610021,-9.152211614047463,9.240653677642833,2
-5.595626924726979,-8.211861692430725,-11.763119845911731,0.14286738229457985,1
-3.9877196134201776,8.294441919803614,4.1792400652683135,3.0302919101596477,0
-7.207769608882032,-6.6879798858790265,-9.400467711156207,5.698516463440054,1
-11.571008956255955,-5.330830978360606,-10.426733728700084,4.3493562677728,1
-1.3141509941279077,7.491099223414547,4.080956988956513,2.350381559005253,0
1.4665101101074,4.143538766567677,-9.854037389763558,8.614267330557158,2
-6.458474750477234,-3.5861157542560473,-11.354684169835114,10.173219318321316,1
2.4799953726442565,3.8866814186231413,-9.646693071981574,9.080418122537685,2
-2.4606759951079233,8.183336011787283,4.91033566200794,1.9229315744915951,0
-8.5688973890553,-6.794728549555885,-11.556442603793016,4.60896009328574,1
1.263713386528336,4.536741139681792,-9.796407316526578,8.833162373719707,2
-3.1361646808405177,10.82673468619525,5.347630771683577,1.4107029080464644,0
1.7151386628160283,3.8065570598041414,-9.098865334805561,8.712325478608133,2
-2.496195731174843,10.467820205355638,4.375222002990145,4.693338850530351,0
-8.086485996606351,-9.263431113922728,-8.531651966649022,11.385219061672604,1
1.8780258869263233,3.769574795358695,-8.720841826165547,8.96981099632649,2
2.6607829279082695,4.330463296471763,-10.191820938012558,8.860540846715267,2
2.6132457813441565,4.401905602295357,-9.689572227616367,9.134048519908397,2
-8.409049918414484,-6.972701585896977,-9.91158331792916,5.592470465814063,1
-3.0230645403894436,7.95507260630937,4.5771997389549295,2.9283120044419704,0
2.1351809964200528,4.170258181887737,-10.075993127723075,10.049951009207266,2
2.9840231322766524,3.774144070911618,-10.432901633067582,9.162565172888627,2
-4.068743791475013,-7.715302670725798,-7.42681294190201,4.774362068768414,1
-3.3559913411211553,7.499438903512457,4.19336388416108,2.8295684782642043,0
-4.043311793788373,10.291962950096831,4.972192848207693,1.2246831473841784,0
-2.6763157033696046,9.160999814631644,5.846387802736459,1.156234012953496,0
-8.245238311782478,-5.9005995797695805,-12.535606678571332,7.781922714946592,1
-3.038957826819789,9.527553561311677,4.736956385576142,2.9418146744736213,0
-2.2421473571834913,9.90391692382176,4.722162825503526,3.038650059006083,0
-3.8294308300733926,10.845744894052675,5.819318956949388,1.5039940318360272,0
-7.305088747463591,-8.013179716594134,-7.097359137994222,9.71178593692498,1
-1.7181656760097033,8.104898673403582,6.042673147164201,0.5713186211484511,0
-3.7188923658938577,9.614214858194526,6.170629668571799,3.191931535638049,0
-3.6187765839558885,-11.036339563365132,-6.256962245781867,10.14028575756766,1
-2.68182492299357,9.897946065684994,5.2922017146415214,0.3967775269564826,0
-7.4327612501157,-7.5721428429982485,-8.06981101211326,9.362865946846945,1
-9.86443970714891,-6.52275185636668,-4.507040257923281,12.901773280980283,1
-3.159840192174577,8.527160744433626,4.047484911989232,1.1091789142609159,0
2.4660522185712055,4.541874883076648,-9.558267116776369,9.592353045951612,2
-3.436128094630833,8.954760772136522,1.3986114961590288,0.9487820426064422,0
-4.6369616989334395,-3.692921990079141,-7.209522778287246,4.479308739436662,1
-3.393055059253883,9.168011234143849,4.698087554674101,0.8301993861101089,0
-3.299672078498062,9.485754485334317,6.521903332703135,3.3185897300957095,0
-2.140524314179849,8.62094731587096,4.668623659162919,3.251621546548031,0
1.8308916400576913,4.099587082783491,-9.787149960891252,8.806181764128606,2
-8.567572878587224,-7.241406270064741,-10.819377559135914,6.553619091401102,1
-7.137764091523889,-10.988081621161365,-9.277963767716189,11.477198329818748,1
-3.485070876030083,10.067927924806161,3.6904799473961583,4.605551748778122,0
-3.282022837590322,8.777467521458313,4.154515288398998,2.0550438233270545,0
-2.3687569166844122,-7.357369072594193,-7.0389329012655555,4.090340520820794,1
2.1437412414393133,3.1204022043264152,-9.311735535894346,9.1240968941565,2
-7.1478825511618425,-5.7608172787502525,-12.765518136807259,4.50660424322419,1
2.747764009003782,5.065049877739852,-10.429639461145294,8.886182747796695,2
-0.8757660907516542,7.8679407351796335,4.942514301467135,1.2188938339213742,0
-2.7790725583461215,8.035522412416015,4.19558557615199,2.350470176985584,0
-3.9118028948524435,10.76386287138526,3.396015600836816,1.2802644861448247,0
-2.1266504767687513,-7.031761627812498,-10.609344673912167,3.5392369339666354,1
-10.785991833367627,-8.202741286641684,-6.852666057581443,4.18779935757558,1
1.7566930875603763,4.403389881514928,-10.139456189002162,9.73887679846136,2
2.2724204695824604,3.8946514027013253,-8.977899464677428,8.959810152633963,2
-2.267235351486716,7.101005883540523,2.9149610037150686,1.4108821546997592,0
-6.44159864387999,0.5830379132325785,-7.919623592950249,6.539698700067708,1
-4.222332152143627,10.368158502363734,4.5253389909754835,3.2109859959141938,0
-2.495268331139804,8.990161041088319,4.837963596995956,1.8288092720167894,0
2.309172445366382,3.523299347651741,-10.23246392281572,9.544554784310813,2
2.1386936063342574,3.7830695674129458,-10.683270966573227,9.995493153496751,2
-2.318098555032847,9.06072267635447,3.2800226952481824,2.719423249967953,0
-1.651537999850731,8.854347598234895,4.620862628325413,0.9706403193029232,0
2.3497880269750206,4.566850878716764,-10.085241451501378,9.608292814687381,2
2.6224311097335904,3.929870874878209,-9.794023417641952,9.975147410367759,2
-9.218223946262759,-4.165154302838366,-10.17823636942113,9.343667411201565,1
-3.5464437773792064,8.823947450114714,3.7642605828433444,0.5903699529763959,0
1.2626271971257546,2.7453737568656242,-9.81388954328845,9.674067443195346,2
-2.412201658060032,9.609443153635235,3.8216581529946287,4.065556959626193,0
-2.2022142527218147,-5.906074149848687,-11.009059586326927,8.660095630804792,1
-3.2951870835606996,7.683053174640543,2.803673463124805,2.481161010853276,0
-2.961503942301827,6.590406801569365,3.055976012742378,2.7335843400850295,0
-4.202154437248136,8.915946501403571,3.651287729077184,0.8695803667249611,0
-9.49690464785612,-5.538477711957731,-5.874067369978518,9.120906192161371,1
-1.5111875131930979,6.118030750004632,6.728253541008829,1.8335800557855582,0
2.2266038887150597,4.007547320351467,-10.007603013307566,8.954856582098158,2
1.432615674047867,4.247578749126427,-9.252544528219424,10.162212722933802,2
2.289708903037131,4.77594180716544,-9.906963987598349,9.627390395015627,2
-0.10578203781447515,8.956667331164736,4.8409778829430685,3.0238240799483442,0
1.9902613527898174,4.429597010679504,-10.686374024633924,9.317135055499957,2
-6.9866856444302075,-6.735052756254959,-6.717250551122799,1.7062995805371903,1
-6.840581356277262,-4.624416658809329,-11.10771820700331,11.121732724603126,1
1.9745681113196392,3.273328389187683,-9.62860998873233,8.981669014739508,2
-3.0985623799969617,9.863888225219346,4.996894322193149,1.2802600886800777,0
1.6245217008937345,4.373648524851415,-8.948550779203872,8.289787623562853,2
-10.507566416280167,-6.910331962891083,-11.969311367668809,8.232602622061123,1
-1.9898511088115778,10.5470250412009,4.531118687771244,2.3748814060396732,0
-3.8881984369900415,-7.276433525843371,-8.90658910541084,4.990353017815713,1
2.406403843180044,4.269149808649053,-9.334175794246656,11.361315896458049,2
-3.272456779595267,7.209404027533802,3.0123363983449387,2.021254630602114,0
-5.160167431445762,10.105792980120784,5.885964028725731,-0.10022054846741746,0
-3.7839195125671807,-6.826930651435792,-8.066245225138601,11.579060277086798,1
2.5112080097072758,3.1086280850007464,-9.011514942425489,10.091371741871308,2
-2.4115215245039185,8.241276344342856,4.664389010487044,2.471167975186182,0
-6.945641583548587,-6.17970669622693,-10.862336556440125,8.383675526658926,1
-7.366897892032973,-4.045684351108285,-7.354435950933856,-0.027448671161997673,1
-7.126097521861924,-6.832985535913828,-7.067791698494617,7.906563243657457,1
-5.807585940324838,-5.147345575118086,-8.397223868442948,6.405953317790397,1
2.1543102755310106,4.797628305974293,-9.22206406269405,9.542558874652398,2
1.6688539508705011,4.589229385431265,-8.76356966692199,9.93350232322948,2
-3.317691225945938,8.512529084613785,5.5552809539301755,2.3019207936004165,0
-8.436250595487401,-6.39359095518284,-10.69450422088113,4.023466637446939,1
-0.37616424839648355,7.062198328675819,4.488093741192518,2.5614868904253085,0
-5.203425648048238,-9.559752675876336,-12.722724671676172,9.368247060561275,1
-7.577034516980792,-7.579510014515533,-6.862398016506732,8.173651151920929,1
-8.329760294576378,-6.281598341937504,-7.5891149808786755,8.50352859279689,1
2.341630319185727,4.690510718464484,-9.404500193979096,9.472241753139024,2
-2.409546257965109,8.510810474082122,3.0892154051619687,2.0417326587467595,0
-5.197474101234221,-5.400574258922502,-9.72342953398857,5.889518483256451,1
-6.479986211157769,-9.449297445590842,-5.674058154474259,5.158085794962451,1
-1.6944205167763364,-9.178571072242004,-15.164046563501834,6.608512360798426,1
-3.0396987706632776,8.438467887553642,4.364827139076457,-0.32875148079485284,0
1.5600181776751256,3.362651971123193,-9.751818772888837,9.291468653564667,2
-8.396377928064512,-6.351900362577265,-5.8381303655688574,6.09376679673319,1
1.7442408614837854,4.0964214091440985,-8.753775351170786,8.926918040343947,2
-1.7382682790774169,-9.707330681590737,-7.654247564607374,5.007570090544857,1
2.283425552873065,4.112493932699457,-8.45209275386051,9.842715604379832,2
2.3546516075307307,3.884991137237258,-9.087397687242982,9.149411624047282,2
1.793376041772931,4.081770439847956,-9.773601495284343,8.724173487269802,2
2.2157044952087768,4.706941768513892,-8.582174891233569,9.910051816293377,2
2.8559122906397443,4.923070866777038,-9.220499115461077,10.289096497625415,2
-2.2493148288043265,9.796108999975631,3.4029281253500194,0.6527130708564557,0
-2.1830646008106322,7.763172551813018,5.563905855435002,1.788267547497743,0
2.361871622583273,4.010428806175977,-9.753034007257497,9.764132395384033,2
2.181026865489263,3.995021353729653,-9.635003543533925,9.1335309870157,2
-4.933724500734676,-8.25807388409728,-10.883824965191778,7.315086771971323,1
2.048429480112917,3.6311490227226084,-9.946818188647919,8.755904910389901,2
2.411974736816842,4.141941796232137,-9.797264886966897,8.385293106684198,2
2.5742389065223046,4.3990354291686,-9.589512034543379,9.103561217345232,2
-3.2655483683370536,7.592032418600647,3.9933059519855747,0.891621680326337,0
2.56318359870059,3.5053419592052055,-9.277275118930927,10.06266370300759,2
-4.065779521712502,8.586170967232409,6.140638626862412,2.8233914260542248,0
2.0285498958178008,5.595653083754293,-10.422609743523049,9.927561308181826,2
-0.8366252362150468,9.433305137564366,3.9348669804696925,1.917400606283026,0
-8.44049066543433,-7.34142298741557,-10.350189417981543,1.80960777275103,1
2.413737102338462,3.9458887711333595,-9.384283690665573,9.673595829376717,2
-3.4838792932800717,9.801370731940773,5.798474415235505,1.1524873655890215,0
3.003593830129573,4.163299391844832,-9.082578596379772,10.068935001005327,2
1.9960980095754408,5.013504314048655,-8.964864256316591,9.36719503855687,2
-2.3563613168184947,-7.425224331756882,-10.957412578183723,5.6933006940160515,1
-1.8506533503799196,11.02449066696467,4.462931608734052,1.1748724394022783,0
-5.721611460903462,-10.297954109426561,-6.71789222496934,4.242214628577431,1
-8.844592272738726,-10.332721101160384,-8.078781267623821,9.127429178314062,1
2.6073995894624775,4.228599804544805,-9.548511182895933,9.67522592879784,2
-2.778604457497308,9.731828383994284,6.142235888324129,2.047264464360507,0
1.7972938058662689,4.790026164352195,-9.855977657592062,9.577423852344696,2
-3.2112507169301026,8.686623981600553,4.247770683095943,0.5096547358086134,0
-8.71506168809751,-6.675120702242046,-7.695126745097907,10.963078720865619,1
-10.247442914975512,-9.309144689552575,-5.837292986774947,5.681287218070214,1
-0.8314968089763095,8.460697886490326,5.208861915413377,3.60156630706927,0
-2.949242109749734,9.145026705484414,6.081152125294217,0.5373075327612926,0
2.9500518922613073,4.2735689281885545,-9.7615233670874,8.592413363688472,2
-1.6837812740647204,9.82779576419896,5.9453576433824304,1.9941735255734911,0
-1.109842186466748,9.93891981111109,4.699509206148275,1.326232906235158,0
2.6420922380849565,3.963336716870029,-9.054120447236944,9.700257488034145,2
-5.5259703706393,-4.98222169251933,-10.279603758452808,0.8459171851364289,1
2.1099436243311374,3.4930888364829435,-9.79422179856578,9.464161026625865,2
-2.5493555736970936,7.583511026080274,4.76798325113889,1.2921180264658512,0
2.0938246198036516,4.586257550179015,-9.241881321965232,9.68948270264429,2
-2.4305624327366595,7.0160854436662135,5.556206510930583,2.319658159838725,0
-9.117992997058831,-7.9003616911764984,-11.327866243611583,8.951363520057846,1
-0.9160109964133532,8.503070451767137,3.6502740159695204,1.8473827638410838,0
-4.379989544078606,8.662772644157013,4.658297215417653,3.649606996216015,0
-2.3486236420028854,9.017332148351736,5.076817005974451,3.1638159587270733,0
-3.2276048886219475,9.909210505142763,4.344929157936074,3.220911756614466,0
1.4456340332613031,3.3177793823655537,-10.485256363017896,8.720473291683742,2
-5.118360841589462,-4.907467874837149,-8.628761186812609,10.849670778507463,1
-5.490616026142649,-6.656157890137824,-9.331673807404325,6.945339706364924,1
-3.2245013323127183,9.693883877132997,3.909512204510965,2.189628273522707,0
-1.9144432813874643,9.867701686978629,5.398807426014867,2.254361107910108,0
2.234333665623401,4.181175080041279,-10.306264876018215,8.740289135026133,2
-4.4967856063681575,-6.162299180271386,-10.369421193237105,8.227281728513958,1
1.9288521557831833,3.346214934063339,-8.985312855810543,9.786900719622142,2
3.0653237596327325,3.654071809327983,-9.769041497430944,9.606420062290612,2
-3.177288076695799,10.006328477734844,4.4649190795326925,1.2174245244478872,0
1.8527390952291563,4.346482113555386,-9.65017645413383,9.627099848202779,2
-2.22922899673293,7.888797080899945,7.085630815844928,2.1023908659159596,0
-5.627962887698246,-6.755675375323547,-8.82066986006557,5.672720066815085,1
-3.9245683651031644,8.593640805432962,4.297164319701332,1.170892414719113,0
2.463003999325961,4.5220192371937,-10.046447164365814,10.075918443792634,2
2.1898292494062344,4.319529534512298,-9.353676319179687,8.630410981636333,2
-2.954700144453522,10.467670605316023,6.219450981958814,1.4503096567874638,0
-13.468996538693464,-6.871670826783044,-8.018774824528297,9.634198264343278,1
-6.467725088059979,-6.752890338635901,-8.40497359570999,7.933405910269954,1
2.9993789517393186,3.9085782037899404,-10.117763907612252,10.139028744471185,2
-11.54597706955281,-4.361325368683641,-10.54990232103602,9.300086913405625,1
-1.6735055109876082,7.884579273540703,5.169683014143384,3.4147383045986324,0
-1.5551958595595479,9.66567737950412,4.324609591587755,2.7321389044339996,0
-12.218812726098008,0.9642617408740382,-6.198185733970881,7.881620200821603,1
-7.437632827738283,-3.155450996770741,-12.8405877028273,5.2522803535480875,1
2.14695453268504,4.683995792963286,-9.515866197535505,9.410148564882364,2
-2.9968038471252436,8.5817279403787,5.034330978606398,1.552185203120469,0
-7.7011733805237315,-5.372141015570088,-10.198612761921492,6.916540650317968,1
-2.6959969654049276,-3.528956963800077,-12.087280848955004,9.39785396019664,1
-6.658609975421652,-3.186284390637792,-11.692550541969773,6.839374267299408,1
-2.857849757460609,8.665028423879892,4.3182437850107185,4.049917667501573,0
0.7575201960170241,4.013147826386009,-9.467649146625561,8.822690001430132,2
-9.603709784507242,-8.842014363595204,-9.764598003111082,3.809605367552098,1
-4.591127030936472,10.71074249648836,4.85089630343072,1.8764565720703397,0
-1.636876986332072,9.197628133936673,6.829681769445774,1.1648713985855805,0
-2.7226404939829583,10.505012265048274,4.788546293430213,1.6360837128226926,0
-1.3460338708977906,9.024519189217909,3.6583701851801504,2.435273158204003,0
2.5205854901538993,3.9282038663068097,-9.268070216483538,9.30294549024098,2
-4.0693453911862365,-4.511293437968802,-10.770521926195034,8.341153633310041,1
-10.30938004847966,-10.914013087967799,-5.160401937901989,6.800213722619038,1
1.5540470474693777,3.8275617776864657,-9.442213749920764,9.3045325340367,2
-3.5220287433871738,9.328533460793595,3.7318547607068906,0.5608659826054405,0
-10.832603946231604,-4.642513808085658,-10.04598038584461,7.690505445462577,1
1.7950263754924536,4.052124917203391,-9.634009892838508,9.357757794307155,2
2.8172197239545174,4.44848716636791,-8.888512791511054,8.727133168997328,2
-5.231513020070258,-4.536184249209551,-12.857227417558445,5.416710969083168,1
-1.423302057221172,9.488984361078275,4.614851877482957,2.790935983141019,0
-9.8186137052134,-9.117784198967458,-7.345257211002549,4.952652904938201,1
-6.843944521560185,-9.264958141767558,-9.855918538952961,9.039319057890456,1
2.1701124792377233,3.4031302812105135,-8.849842901024815,8.814307267605919,2
-3.836730889087529,-3.0768194634698185,-6.34255051126611,6.2444721337035825,1
1.6100431541003388,3.8571566943010587,-9.852798968115959,8.86991822185976,2
-10.898779758946418,-6.418258146036635,-3.7793122085619117,7.340522526898698,1
-1.950870710531028,9.090291519610734,5.17863482867447,1.0524960908613656,0
0.9833943249360773,4.001302653652588,-8.766621036181684,9.578520988957784,2
-6.938507568336865,-7.315995238033036,-8.275057951533656,6.399705593415307,1
1.9995441122135547,3.949333389221887,-9.873226578203331,9.56295141102639,2
-2.637115214533517,8.058745687597895,3.033432515970529,2.176633319807955,0
2.184328748974956,3.587605861013075,-9.545705389267,7.902629057789524,2
-2.928275474730336,-9.41784507284562,-10.865471534661856,4.179578268212163,1
1.8465931170073093,4.943158235336963,-9.997524447054952,10.164380905578945,2
-0.18986808307105596,9.407603967592694,4.831927952718133,1.6640532197382307,0
-1.1189900740354368,9.572096434550184,4.650231456071482,0.6613334515905724,0
-6.66633183473871,-8.900773897378262,-10.914438773027424,8.629808178663097,1
-9.670938291022917,-3.7905805432586,-9.22807320147768,5.952804674272201,1
-2.431829315405132,8.153001926870058,6.163002913497759,2.5120797276253906,0
-8.802483065619516,-9.229867346048108,-6.764640651806639,6.838957568566695,1
1.8297893290077438,4.352946048291373,-9.517681544040219,8.332913803336286,2
-8.524918413839412,-7.639424665217608,-12.203005065319047,5.275378266194959,1
-3.3381926339748222,8.454105088001352,5.387172441351363,2.583539949374197,0
-11.387476381791132,-10.84044945078967,-8.170511129107302,8.595335473573538,1
2.6487215520779177,3.937339247770834,-9.934435278716899,8.413735472031844,2
-5.222424019482738,-3.9464249495626342,-8.385773859876743,4.081443045609086,1
1.4035869157528893,4.2161557918373935,-8.923989699959835,9.554789280172375,2
2.2490545911414093,3.670304538793569,-9.558818003289153,9.621633293641235,2
2.2364585810517945,4.200029804029767,-9.885215818118304,9.31538133808107,2
2.2754207295171387,4.885104405616812,-9.304258511519627,8.873369293784915,2
2.430050746086307,4.1374073022555224,-9.679885349610599,9.21986047614995,2
1.6103324913781758,3.801896830196316,-8.563404066190987,9.398538452718627,2
-3.3696109883367025,8.629730583968497,5.646171645442542,1.3962778144175831,0
-1.4507731362031624,7.255546641775207,3.4566203235623263,-0.06606249381936857,0
1.736427213886145,4.327755311083008,-9.121746077913416,9.286836692851583,2
-7.6863267882566095,-7.507192134413565,-5.517842402013366,8.714097939000354,1
-1.9915386025836272,8.288542315044856,4.82664560070518,1.2177867515874095,0
-4.9808421231800395,8.217390872727846,5.2169509634086415,1.7701242978977394,0
-2.978672008987702,9.556846171784287,4.176461143415639,1.507439930370475,0
-3.888516851067277,8.283356088256403,4.6067518633543045,3.7677275474585197,0
2.971183743237164,3.687505197286416,-10.005471636829743,9.780211934026315,2
-3.3984639409904482,-7.505225879773328,-8.116593683436367,7.974327512426755,1
1.6677897560489305,5.138081124684193,-9.851249952031553,9.487072096373902,2
1.4698688383329155,4.271722269427842,-8.979330537931173,9.141598860983189,2
-6.596451164806859,-10.475804539069363,-6.540255420198001,5.653162701651218,1
-5.7877808118174965,-5.869372705871703,-5.7488722770806255,4.645888716376081,1
-2.8449823223428785,10.683307653487715,4.380287484864496,0.4700267308226258,0
2.151176504935551,3.5405712681800967,-9.421221905461502,9.320567518827511,2
-0.6625606270050843,7.944201361872169,3.1143536653033626,1.2812616140594875,0
1.1067277956950006,3.5472296402880277,-10.626104118623218,9.35516219684444,2
1.6633407894903747,4.046189243330783,-8.998447509903595,9.495250858716565,2
-6.39366643720793,-7.763025325302667,-7.992118147981783,6.58501939015113,1
1.5399475219888181,4.97568583330707,-9.730502438887205,10.19348807954881,2
2.811359263645268,4.654176398728518,-9.153732817835502,9.170427280227951,2
2.6411271136201746,4.351335373941357,-10.072332993339074,9.243043190547434,2
0.5688061252033549,3.974040527610006,-10.107582024505938,8.582559135509413,2
-1.6860270390908356,9.087604095386725,3.3499179364870475,0.6780909118771159,0
-5.331741538638275,-1.7363709189967,-8.78634348744749,5.503515562425867,1
-6.9330454270223605,-8.748138791145506,-14.898928407318365,9.533636406401328,1
-2.201395854160691,7.304117735541696,3.2916934141223884,2.716433777963447,0
1.929377358767802,4.316451047503686,-9.616604358533898,10.007682438136717,2
1.4972298650631028,4.540199130589651,-8.903042042085595,9.745798493281885,2
-9.308769027504486,-10.329155005248273,-10.405120818110923,9.4795065964556,1
-10.917456730915044,-3.9682612071330183,-10.674806698631134,5.29789182296275,1
-7.699363982433565,-6.492132883628499,-6.775582094966923,5.155697376221452,1
-0.6434231119079936,9.488119049110109,3.448575339025453,2.6297232925745617,0
-5.8985872732043525,-8.152518657544693,-8.902263537115996,2.900833153275908,1
1.7714081384584097,3.4752187819788585,-9.426822862275117,9.367695057312194,2
-2.778086313607581,7.907760219456652,7.213238639477962,2.0323881179552203,0
-7.987237243972476,-8.078842011774055,-8.096888893784106,8.481484903667665,1
1.5759064771182336,4.418258788036457,-9.57095323970767,8.41394493652086,2
-2.4333930648590236,8.33712441668621,5.614998569645852,1.8261123024385935,0
-5.507417602857859,-7.517499077160191,-9.151963406643262,8.143221725897096,1
-2.4489674131117236,11.477528240683608,4.447517871446979,2.2747170262743444,0
-11.194144013127762,-8.574021224115084,-5.853054249017579,4.870609087649499,1
-0.9580456475302273,9.12996076249118,5.819176020291928,2.040688165350841,0
-1.5587737848667,8.43738247253592,3.7414641648797433,2.4650888554472377,0
-3.8270429523378877,-5.424865334604407,-9.40453800376059,4.924924823690004,1
-2.2951038789225464,7.768547349486333,4.813059762079283,2.358487063669569,0
2.00264659105036,4.094203163720042,-9.421380130799683,10.113880434155478,2
1.720309921879561,4.0466772282407355,-10.408052195346668,9.201961490209449,2
1.517001124899719,3.9038423590167874,-8.823212514652276,9.730660624390756,2
-3.612564229226624,6.861395535245839,5.028457440759065,4.466169201373523,0
-1.9621002418827123,8.812093475764428,4.422197633000881,3.071946535927922,0
2.0922438512837394,4.659510663376473,-10.283421076660682,9.47707776288677,2
-9.184276723964553,-9.390003023479693,-8.32015943313865,7.4968837580893295,1
-5.870301965309746,-6.940598609253237,-11.097582408461331,8.134421119802711,1
-2.7682397688734532,8.817936279113344,4.568277576814038,1.9359474474308904,0
-2.8716385644558824,7.894616233572178,3.3451973605071954,3.1339964713192514,0
-0.4339367504274847,8.325098310108753,6.375842639393351,2.17108046740338,0
-3.197347968230474,11.26672193354263,5.621644323219695,1.6483383004321095,0
-4.505741852547961,-10.592354514400705,-15.223130593890897,9.659322693596888,1
-2.5586613327051833,9.689105620364925,3.5171568146658028,2.3555794301247825,0
3.6438467196615423,5.315409681228964,-9.67903464870771,9.345028541974228,2
-5.184812512803097,-8.099888113640203,-3.4450572234722516,5.809235607990357,1
-12.262984490829382,-4.137227813891707,-10.035421396657021,5.166583505390902,1
1.0130563026698567,4.2339834289006,-9.191722269974612,9.337168477179247,2
-10.257313106671322,-10.18625448513487,-7.633662602339782,8.691684908943621,1
-1.6788618065085046,8.158202302289455,4.711445073447494,1.4955122371756153,0
-2.9883718608980403,8.828627151534505,3.533543862222073,0.7769630598600612,0
1.4451189007476835,3.285537152545049,-9.783271967363675,9.477223788199952,2
-5.170703883150076,-10.294998871277283,-5.808467793170009,7.976649243583343,1
-2.68226944733662,9.02986517577979,3.5436037493329,0.5331188013464376,0
-2.579363334511397,7.353325194682331,5.069497055360687,2.1808573711038433,0
2.5014931447851967,4.187282044346449,-9.4737727699811,9.935356049597667,2
-4.595665625568147,-8.888056969976809,-5.106606334237206,6.6457139128922815,1
2.622566064101112,4.231631490844932,-10.571844965877528,8.839603812386384,2
-6.003051942967372,-5.657141767906788,-7.251524085231585,10.097772520389261,1
-5.814909175668681,-6.832240149736567,-10.442045029246785,8.543203627676387,1
-7.662272267459156,-6.881881079717561,-11.964347091560304,8.83481123138712,1
-1.885077806000595,9.642631637462602,4.627632063381187,1.0759153124549004,0
-9.592503507545764,-8.943635918223334,-1.465591693364197,10.435221867340669,1
-9.607043266689265,-7.907145313162409,-11.60258942785085,6.786220339776865,1
-9.380455502665207,-8.574472019588075,-7.553558132488723,7.772477370347698,1
-0.8480886371189804,-4.918598873530887,-8.886478705971998,6.666295842478034,1
-5.453094698102443,-4.459647941943794,-9.666598714594317,5.792931079229327,1
-6.386396527073254,-6.101837909668735,-4.588434320195059,10.002380796085918,1
-7.383356026020065,-6.896412881349592,-7.341341782731234,8.994374137293905,1
2.52703612916216,3.738980836624161,-10.337818094313151,9.352274661072409,2
2.1960810417659515,4.204800405628107,-9.410475639802335,9.49398574133693,2
-2.5450236621627016,10.578929784012328,2.020133732138357,2.795072188315956,0
2.7105484598739444,4.318017625927487,-9.244777216154493,10.131467472879187,2
-2.3398367990166724,7.600571631293342,4.528652774879401,1.0692620424759423,0
2.2722322967343613,3.4617984685199383,-9.40448546758824,8.348183789414074,2
-7.775477571204325,-8.498964107363845,-6.977847827886168,6.870462482453446,1
-1.9326406599969839,9.325536282741858,7.718759644683339,3.0927445953753088,0
-6.7297956154854495,-6.186667248380467,-5.436681267039383,4.051471917700923,1
-3.146937607304066,8.483289173196503,4.016738309803337,1.4176925647804772,0
1.8363712937248429,3.7972207450807374,-9.428547778692474,10.225005677486028,2
-2.5152685345926433,9.852776902649964,4.721708194775666,1.8742800307495893,0
-8.616410018873916,-7.903315688558706,-10.148548751472491,7.704410095583008,1
-1.2534414974792294,8.119678825978818,4.4530071920667424,1.533438625666557,0
-8.683971074494403,-6.438057412927452,-10.205027968104174,6.64438513968357,1
-3.907343762464663,-5.109349975273287,-7.9597072377820535,9.998898511289772,1
-1.7258682495602757,-3.8591940167930905,-6.278171442107354,8.80484028850166,1
-10.693767977576506,-3.7236493347079915,-10.217973121367127,13.719021129669333,1
-2.548752776909405,9.695786825570947,4.668197212358563,2.002925823436477,0
2.9028942972978626,4.161294719615022,-10.179247176794352,9.62293399965604,2
-4.350071854384396,7.73470916146262,4.015060258532422,1.9992607341515658,0
-2.125132174113443,8.981591380104229,2.5724367361882248,1.8840496444279435,0
2.112831606249717,4.813090574578941,-9.295227213887559,9.191990134131645,2
2.4687771699185603,5.076261656778953,-9.7931534103987,9.754358123029967,2
-6.816156139795245,-11.679292483770087,-8.872922121871603,5.599203480338268,1
-2.399802828447857,9.740052752097014,5.120888067964815,2.1970537082198636,0
-1.5901211400649817,8.72401158400967,4.907271150300004,2.2948674901367454,0
-4.673794535342747,-8.010335425358647,-10.013433126034764,7.988218489628824,1
-2.2598139393419947,10.591739407961796,4.544583303841149,2.2521912097110715,0
-1.639129892363996,9.509968016170927,4.790297741371678,2.3381306864069575,0
-7.211211557107704,-9.31643285495255,-6.070626083418579,7.022570005614708,1
-9.074583658042673,-8.947310478375597,-9.404524986389827,8.241936682539148,1
2.2680149612242757,4.446331734520232,-9.490569248307306,9.348774442620233,2
-5.498877346952462,-5.316032259160945,-10.580257302709947,8.77858933321052,1
-6.948414453777861,-2.4494806016015866,-4.685179720266335,6.180782274033024,1
2.119812726878239,3.7823105214771138,-10.153617781552715,9.70955265519002,2
-10.707395947540576,-5.594472703231359,-7.40818415235065,7.168045373000425,1
1.4507905788273114,4.571530649298651,-9.62065441660021,9.434634092247643,2
2.058898730365023,4.086330061521779,-8.992456365530419,9.35633806331528,2
1.1064591112611626,3.6357966001012367,-8.839594272494137,10.327048215008752,2
-2.4534727107640557,10.10847764666927,2.9474142065132822,3.502720003401346,0
2.211876794227238,4.776562643746303,-9.886797257444488,8.203044859505168,2
-4.0645015642208495,-7.008593902247163,-13.270908927153215,10.478326667283682,1
-8.290246187794741,-6.418731335283354,-4.9830528752163215,12.33875513589651,1
-2.166472276675046,9.471039347352106,5.209646116460306,2.4208782439580467,0
2.1203659643761292,3.709417411052909,-10.362790376610688,9.527185033850477,2
-2.7481456699191598,8.106722466156723,4.063107505659769,2.728560909766488,0
-1.0580540152577085,9.973556954283529,6.793061293739658,1.2058221210526825,0
-6.624986452996303,-3.007559214537978,-11.936095445770762,3.654709751117603,1
2.275094855782113,4.906008110085054,-8.452585241372553,9.195998331647905,2
1.4868740255219564,5.117161099490771,-10.228537899585184,9.492936953850426,2
-2.015167436770011,9.274959894022228,4.089573682382682,1.3015463160026806,0
-3.2683302846064484,9.16467991467453,4.981634812005261,3.8493405231566182,0
-2.9768988243646417,9.360790009929037,4.592958257348918,2.4502105111638537,0
2.2443993985095116,4.71211303478879,-9.355037458358888,10.07130992134126,2
-3.096002833045943,-5.303080381889003,-11.398794817459024,11.958754331334173,1
-8.503059786954836,-3.5768495125934163,-5.2893202453519175,5.822464001151941,1
1.2889076395563372,3.9107504824780905,-9.100653884844961,9.656011087461865,2
2.300576797131055,3.493710771370963,-9.345291969375133,8.624545048770702,2
-2.5056674306377182,-3.42647439654973,-12.068984494400057,9.04779242861169,1
-1.5453185062578405,11.224809129789673,4.082387051220268,0.6033667043616542,0
-6.109500842391014,-7.859231011830424,-8.165510403523243,6.465542226755177,1
-2.030217797306358,9.347948233485269,5.677418780486001,1.463153285085985,0
-1.890458466691359,0.8946867967374557,-7.3215201087955535,6.8655313686977335,1
-1.7982376548492587,9.458549439684361,4.278912670409022,3.13249948730498,0
-1.9591455240281983,8.045941673334687,4.745254342374062,0.6391441890225276,0
-6.673527808815012,-10.523988341938272,-9.61135044926067,5.4431319015222455,1
-11.827876717090739,-5.010333952982112,-11.520185320985526,7.921640075776577,1
-4.249758146843973,-9.37526116156198,-9.79825593651689,7.949023431127939,1
-4.534340209710358,9.20074044296775,3.9780923714597134,2.825603018736956,0
2.235045201484291,4.760075017743523,-10.274146962699184,9.043476542026113,2
2.1142174930254276,5.507968387911157,-9.413410101799997,8.89616974481888,2
-2.151410262704467,9.575070654566556,5.722930079403378,3.0269717359756347,0
-1.9223405292524798,11.2047417540083,3.649342511097413,1.40687195433796,0
-2.980235928671073,9.246336065555958,3.191794494730777,0.5657059095641768,0
-1.8272446517577863,8.704019371604865,4.964045188716543,1.8430266295730475,0
-4.2613329245976495,-3.9561346122065126,-9.41180461680608,7.214830540964047,1
-3.2363347988776185,8.766767492646817,4.565445407128055,2.59384178149141,0
-6.145732360734697,-10.271564104834459,-7.672252800552195,7.234419209754995,1
-2.1963827506074063,-4.179989428989325,-9.956632495782888,10.526063819836486,1
-2.0082804354283694,8.03673088339977,4.739211141657327,2.724556807312521,0
-10.395420850330854,-7.087873524847684,-12.600128691713516,9.223662824722709,1
-7.5013550066101375,-2.861745653225965,-7.6108903775403824,9.160717380623247,1
1.7190485407563059,4.38940365350626,-9.817855269193448,9.050896858658314,2
-6.378204198073913,-4.008516219704159,-11.377882304082004,7.4777225401186325,1
-12.259165694474532,-8.677992891381997,-9.366153353705247,4.855574097620743,1
-0.9436735938184098,8.948535867125333,4.084679309534903,3.854326753381322,0
-3.110565267003964,9.334068062340858,3.0468851026964323,2.413644421901131,0
2.1367984310938457,3.232500830221765,-9.286686363798253,9.547276276235149,2
-2.9811294888421838,10.103236725165688,4.7041588553235645,0.8954249060114259,0
-1.9726877794823467,8.115818146407284,4.66805999359723,1.9640506872965284,0
2.659995603863683,4.085594339132294,-9.321630491731227,9.817931295499088,2
-5.6887327677607225,-5.616434195359379,-6.18780298788881,14.222673012776397,1
-6.893617238223887,-5.208255454294665,-11.567579946984296,6.3557736593127006,1
-4.024388685251303,10.381160395642846,6.2848465497293855,1.7241336443843536,0
-6.049676364728734,-6.403860393828281,-7.064698213788412,6.2348069890740945,1
-2.5226948477906843,7.956575199242421,5.4624237483312905,0.7523260339697098,0
2.3753396917717415,4.040110917514892,-10.101494717916896,10.01319732959946,2
2.7035816612204018,4.981758837665053,-8.01228174682791,8.836450026620087,2
-2.728869510890262,9.371398699710069,6.117772880969618,1.4548994656670846,0
-8.285047257597025,-7.403164277637266,-13.046923237188386,5.308847749258231,1
1.9521127054115075,4.315257890015507,-9.850593620967476,10.074298382673458,2
-0.38704142604011693,10.046751388749469,3.120508870274088,1.4889356110744807,0
-2.9293844401486075,8.732501519337815,3.295428325193824,1.0545177374565338,0
2.5403440603873038,3.449964093290072,-10.073372244273774,9.199418160494025,2
-2.7326604083786012,9.728286622290414,5.113116460801646,1.9003407712838591,0
2.0258894683181468,3.1182127267353668,-9.508065302097211,10.504462562938507,2
-6.132744920237054,-8.759587218513907,-9.904221747149869,10.19463718849059,1
-3.12260028659369,8.711816441710193,4.251702017686872,2.1435859063162197,0
-3.189222344631241,9.246539825359324,4.932951309526783,1.258818265914364,0
-2.327331367994255,9.262506714498658,4.180517936687857,1.1233253144759403,0
-3.2220434057299148,9.120716355890218,4.3849016188072465,3.477162672523421,0
-7.451126979501317,-9.365983029797228,-15.244161903624287,6.845953508998281,1
2.413365235629905,3.7660018650871323,-9.97823658719477,9.939189447864857,2
2.342571702401562,4.222990656748999,-9.644874140341821,8.748588861516973,2
2.1234646330755766,4.977380005465463,-9.954826611845945,10.307228004518798,2
-3.3314180186191815,9.257973339690233,4.884845407336824,1.4662265085696022,0
-2.730161796882414,9.041171967192852,4.848261644175654,-0.06856518448355864,0
1.4625271706725913,3.9646866279360444,-9.498962755678713,10.01280443538841,2
-3.637140824748497,-6.937279749023152,-11.336583337373288,6.06158561242816,1
-1.883530275287744,8.157128571782039,3.5689863381669893,2.455642099183917,0
2.974368529650679,4.97443101360194,-8.478919997359885,9.31867443803986,2
-4.467498108407626,-2.841152534405367,-11.924199936335816,5.842362267616467,1
-2.2754117112620023,7.4583904819946945,4.970759068442558,2.8066986455496568,0
1.7445268451207423,4.263646071722397,-10.189384877121995,9.200356687361754,2
-4.326168952577774,-1.659002661101134,-12.803286037230906,2.6237119526510906,1
-7.540914294427797,-11.88976550429283,-7.249782681112944,4.225376928365022,1
-0.5444724901363609,9.04954968017005,3.9401533282355157,2.187149594674954,0
-5.073673796581842,-7.812192473505364,-4.5209181285524975,6.324432451462197,1
-2.3062746022014506,7.49854201320109,6.187384037558163,3.7690473570362535,0
2.8037446191182744,4.024455015006256,-9.71000210377146,9.248277945102446,2
2.361773728745292,3.755250381452199,-9.612824784502969,9.31801700271747,2
-8.849086570921868,-8.432228588903737,-9.258687303097984,6.143296471255885,1
-7.21539904482764,-4.853088910376491,-6.854605955255478,2.9521929824032513,1
-2.849075620512709,-4.638011303612117,-9.509654376400592,5.095542351960485,1
-9.65827208349385,-6.263847647195934,-7.592773385394048,10.17389551180187,1
2.4531182971131478,4.230981755247618,-10.376808355179449,8.996784821264464,2
2.255635725847216,4.9219546695005985,-10.06276837449637,10.271878642197665,2
1.8158013237924586,3.6981024014972537,-9.60402969927134,8.97398272614448,2
-3.515215004552452,7.80009751541059,5.797989709728169,2.7648323779036676,0
-5.137241179874431,-7.714658317665972,-5.905516162669407,8.247628395993939,1
-7.810144131328903,-4.158238044015482,-4.126861991799488,11.181631736179176,1
2.3370650269750812,3.7592936760909126,-9.140632398702651,9.08240817865722,2
1.934518262114568,4.495778958299862,-9.539276344314478,10.046132934171393,2
2.4456856224724226,3.097837845745161,-9.637857264204586,9.096786715347905,2
-1.9941499367467022,12.867017618853042,5.210769346921269,3.108735324121331,0
-2.8365957537297106,-6.619219749467915,-11.08528787744383,3.9977388511512286,1
-3.619773468518579,10.766556571621944,5.575557229375563,3.2447247789348905,0
-7.214670107833564,-6.843389106452954,-10.80057353934161,8.94422400010835,1
-1.8664748631852062,10.343438658330752,4.836400005929572,2.6821734415292444,0
-6.071707905689316,-7.249116059022619,-10.003419011306615,3.3367652473317144,1
-2.756375005573347,8.332301880200523,3.638258826333186,1.692069391054777,0
-7.970591917467692,-7.154134103090524,-9.059235154649349,6.398495340793384,1
2.563645761807712,3.9258892300119697,-9.635128208453537,10.061095367010982,2
2.238431710181253,4.39647364960501,-9.942123061494964,9.042110111151864,2
-1.5709138170767525,8.498241399980948,4.735999613169085,1.5108943952356895,0
-3.3017183614854506,8.899549686731422,5.144866115208559,2.8389248781108534,0
-9.513833239017156,-9.54961689722393,-6.462558776702071,11.600056346953515,1
-2.5752774217000667,7.803269928435865,3.9880427284259423,2.020568355257146,0
-2.0957627198290494,10.891081940756388,3.8660896371245284,0.728514980629315,0
-2.3293034718992716,10.40628841454292,5.5581954422304145,0.402669080317555,0
-6.081690915103319,-3.5289834782180853,-13.526258930750371,7.611088113367246,1
-7.352428168093854,-4.575984313464798,-9.157200557579845,11.101410241117073,1
1.90431524125869,4.533544411078426,-9.37753707231567,9.531606241387587,2
-3.7313254319446956,9.727284558370709,4.399553438069966,1.5983488763911344,0
2.2154618937699557,4.059215945427848,-8.710572264926206,10.184706905847314,2
2.1628048600050787,3.0951537428434905,-9.081991409261915,9.319120121053725,2
2.355008646710065,5.132060274152783,-10.027471652673821,9.209193093730777,2
2.068176477088362,4.287571754134247,-9.64642463564493,9.50555363482515,2
-2.851885217133099,8.64284526220253,3.23236714151028,1.1953529963498566,0
-8.070179375012918,-4.6941366414941275,-8.181924434131197,7.807497693917564,1
1.8823035839269358,3.521936187811016,-9.330662953271718,8.981056138222574,2
-2.3956802778015023,9.676416802719368,6.225895652373453,0.735354185113883,0
-6.664894675417944,-12.428360525144784,-9.412826833073995,5.1950068298479195,1
1.3475121290884096,3.953844671968273,-9.571296408547836,9.453883344159912,2
2.0615887497237506,3.097084508713503,-9.359226056689602,8.908336430881482,2
2.303740664951353,3.721544379169882,-8.594779558234231,9.132711594333903,2
-2.5439093927579934,7.845608090578789,5.782701650743122,2.7251027166275064,0
-3.513338389804818,8.246488563094193,4.60519394884132,2.207384416477253,0
-7.140750237494949,-7.302163901250974,-8.663197348853057,10.22821867201918,1
-5.596862695711064,-7.528976287235739,-6.9913015544172525,8.861941625531337,1
2.22254092811734,4.226984149028834,-9.627031844446948,8.800550161440263,2
-5.855080548829989,-7.4832537298223025,-7.156893503629182,12.073227752736742,1
1.9750708776431742,4.371256541932968,-10.020251594378834,10.037929509068762,2
2.164175746694926,3.6675148854705344,-10.011735597146634,10.02300649588822,2
1.5914486997360466,4.17646729550295,-10.66450188638854,9.836424865991354,2
-4.440085392789498,-4.583973483419912,-11.952621197751972,7.460858192998325,1
-1.2422864738661274,8.306616662579541,5.08369826437433,2.7478037373700688,0
-8.935677022106772,-4.077532924964768,-8.837810094340517,7.300272112652167,1
-6.403038212988709,-4.526833141357239,-11.419637515454859,8.318340540365725,1
1.32802895794857,3.361316003669054,-10.19695146019419,9.47792829664195,2
-5.83363163892956,-3.376113110909873,-7.2122025252956625,3.5658221610991583,1
1.995347810361306,3.670299765732252,-9.027381185968716,10.558217404248516,2
1.9473298753246209,3.444875648658553,-9.850641317617352,9.64502446706146,2
-9.827226669050777,-3.9109111221220374,-9.999870999881994,7.826422055180801,1
-8.137064117529627,-6.221391554948298,-8.102767434102276,6.7375034147078985,1
-3.1219863135371364,8.626584568262338,4.9257442269530065,2.307626473927757,0
-2.5733359696457425,9.343048538501803,4.961236051678375,2.395090438176017,0
-1.0435488541311961,8.788509827711787,4.707407040916025,0.5484214977272752,0
-8.948602742773069,-6.66474988566001,-11.518675286600027,0.020146706762185218,1
-5.324109331042765,-9.72719238772787,-6.240548288085339,7.134112199160054,1
2.4724995290617073,4.387064215580163,-8.996563280638988,8.809176609551695,2
2.244687138779973,3.748624714519838,-9.513628372948357,9.580267191267216,2
-6.797634702622304,-8.77634793002612,-9.414329542150428,5.012940054827942,1
3.0180768859665426,3.7454209034959804,-9.86336775555222,9.32468433152446,2
2.543162566893601,4.453223707426853,-9.653068737515671,9.688125685887453,2
-7.336868293913371,-3.4429185454054845,-10.453238204447349,5.325542898873069,1
2.3350542432796937,4.604067297415404,-9.884488091909978,9.459970891217678,2
2.270399828545834,3.8937931996370794,-9.332560326403021,10.36577406327,2
-8.671682992658283,-11.546451135958597,-9.045029471242758,7.019154144540495,1
1.8547313442784499,4.332620473165719,-8.811229903726565,9.825185031515998,2
3.029937790094496,4.806773786382182,-9.786907772156946,8.847062173011958,2
-2.597479671404005,11.59399546585264,3.8362042682583706,3.6122864893847995,0
2.409877981881567,4.4379715988470885,-9.471297886907378,9.273932734202662,2
-2.3889019913408513,9.52872496225707,5.351493714316991,0.8485275921028628,0
-2.9436938504850656,8.705114004729682,4.862012607861814,1.4944210622772547,0
-1.8638216734676027,10.38291768573067,3.674955375647997,2.6592211439391713,0
-5.181193983760012,-9.752094681172586,-7.17254650436298,8.480001147633581,1
-2.2282057553177177,8.391586608377727,4.4317565858708265,1.4801687492818991,0
-12.409281969475037,-3.046525340035133,-12.398220637761373,6.656892092412666,1
-3.0489573033621116,8.235981402796009,4.835724091325783,0.9947969063257,0
-4.70138394750816,-10.245058793892818,-8.52237880776998,12.170845413144415,1
1.6649598963689598,4.422091508427816,-9.427470843395701,9.482226946223296,2
-2.530099217016898,9.131613511507103,5.917543732016526,1.3815982951049022,0
-8.452785675383241,-3.0457903184846984,-10.177831414266755,3.055128021516336,1
-8.040637846924739,-5.724957360146205,-6.879851483429522,6.694675700387464,1
-7.181997562670724,-5.8312784835083775,-11.05705820114126,6.229877164690177,1
-8.330935815663077,-5.408663582224422,-4.663566495757495,8.310201740056156,1
-7.456793125763193,-3.246957934973361,-12.184842255944133,9.055819473077731,1
-4.706737030178087,-4.661882500109091,-10.746543017082464,7.418367504117708,1
1.324405633767933,4.457126176800109,-9.950305279955256,9.300501867651374,2
-8.042903333101403,-7.144980479036286,-2.2274693890934234,3.56609709451082,1
-2.237618785857377,7.737537552378012,3.558822295819839,3.0263225372736358,0
-4.103625281847117,8.414911105244549,4.645122535946284,2.020150277705474,0
-4.502933265624206,9.388342698045893,5.867547828701394,0.7635286652495266,0
-2.8067611264127423,10.389992941509941,4.489823249195575,2.0987461374122742,0
2.459558771930437,3.8365689424967755,-10.189910541778524,8.877174837118334,2
1.034556349255607,4.537001283174564,-10.62085163721211,9.412425833831465,2
-5.938603375907478,-9.135238479169722,-11.012485459822747,10.137109876535627,1
-8.012748213708804,-3.248940757099083,-8.02146584513021,8.074708814525774,1
1.5905534323817085,4.145849811451367,-9.579301678061729,9.634512216161589,2
-6.737094378908559,-6.208628896117804,-5.017156690604681,8.593112306222762,1
-1.8956796503223337,7.991493562999916,4.382502298804757,0.30458561006314255,0
-4.728443470251907,-8.337803189698292,-9.256132041102038,8.029972791719452,1
-9.685989206762304,-9.173866645811605,-6.294174089527254,8.002261192562823,1
-2.460337552727046,9.054877819402204,3.9378871484213462,1.3102687663897838,0
-6.819078549469375,-3.3495582047373738,-9.037431234750299,8.454452406123037,1
2.3238475773385923,3.736183916547387,-8.345715155744506,9.530584698728877,2
2.4006945748576665,4.46768595292771,-10.096651678372199,9.276156806402785,2
-10.296823937189822,-7.442023098007655,-11.763610321784409,2.8185718215486535,1
1.94013263192148,4.267498232457997,-10.084989463874926,8.890257629744896,2
-2.31013792747928,8.414069251039527,4.70968092121812,1.5878560870789717,0
2.8701616737696085,5.110095903307465,-9.50996324996069,9.909962365332559,2
-3.084835449290524,9.136295942843683,7.199963374496896,1.8771097842160822,0
-2.170701215558336,8.59899821429752,5.272660702334386,4.243862541745128,0
-0.8128359752874639,-5.797710029874207,-12.282371508521603,5.911587905071348,1
2.370001472139325,3.59094730104454,-9.644064527655424,8.995713802813606,2
-4.455984189834428,-5.812123688596735,-10.453896031245518,11.761800147022484,1
-9.143957943307818,-8.514525439897996,-10.327480991744741,10.759618148425746,1
0.017734802820871476,8.483417355278,4.150439393709879,3.0173305610098042,0
2.2402879296141984,2.895328513311066,-9.247275369052636,9.46128599507087,2
-3.760737047243194,10.45805073227158,4.557727657835533,3.0904655155288596,0
-8.483331179208651,-5.800303231591095,-6.837303943566805,9.20925124003264,1
-1.9185427923604408,10.12298970878123,5.460361017425465,2.48044371504803,0
-9.609461942139554,-4.654490841184675,-8.408729407152183,8.706650965460662,1
-6.171407512285914,-7.52737202753614,-7.371593252947823,6.136263773942392,1
-2.2516472323299856,8.939840212432154,2.72110762092906,1.946655808491515,0
-8.25352003092272,-4.731139875826441,-9.806154381109797,7.209994870668107,1
-2.1655793334842888,7.251245972835587,4.963962805622897,1.5880874035244155,0
-6.304450293172765,-5.635751870547461,-7.173517126499857,8.377489442034843,1
2.13068801674549,3.612800292104487,-9.882743527453298,8.979565827715035,2
2.44266747592895,4.265352809597566,-10.234622787660083,9.132112761676291,2
2.633841768411838,4.032024355735993,-9.412057629905512,9.113021360033045,2
1.3787184505720507,3.462892463364413,-9.880109777256953,9.917386468749545,2
-2.273583064944184,9.785151322085289,3.1612925904482596,3.116923727147661,0
1.9327535923560974,4.359361446468871,-9.241882236175046,9.76551581596955,2
-9.491650176203855,-11.796001066715952,-3.697809931785205,4.565502001194496,1
-4.7780771248898875,-5.513275672772498,-9.435658004560246,6.406461885961984,1
-1.5458214938084285,9.42706705513482,5.4619389962225915,3.869962666594679,0
1.6574989999604708,4.3421602145574605,-10.234880885963275,9.684392198827723,2
1.3388710532237624,4.4577351928445745,-10.940505929885338,9.08325476705798,2
2.3796051301824845,3.13648091663217,-9.008773081606002,9.23006967389935,2
-6.27774424242985,-0.37590180782495963,-7.42455364255715,2.921616017609159,1
-5.855220201252527,-9.032829368709873,-5.329902831323034,9.068281096846272,1
-2.3949699743907105,9.164587889660199,4.276266624014245,1.9162240602196645,0
-9.86933484623923,-5.768602922725595,-5.846749040021883,5.7990656547002475,1
1.8942103586164856,4.040702832985519,-9.619192214014015,9.637917802282917,2
-1.7875255590095152,7.885234356981092,4.115358569948327,2.46254424516865,0
2.57525044704283,3.879477811891787,-9.996418736354933,9.43726857472471,2
1.241553623643246,4.9131614701354085,-9.753370161067176,9.292363552274297,2
-2.44472320824263,7.03881956184445,3.700543442409347,1.8290821282191165,0
-7.200970969748597,-11.584732207020044,-10.210140025988414,7.55563516835149,1
-6.657983213747676,-6.386820324761958,-10.382457495221885,6.533340775431078,1
-5.7882276807571005,-4.620272490560458,-14.745658845490606,4.799196153723859,1
2.498075120151197,3.6508703271407588,-9.351574164566337,9.26437649779049,2
3.1143486015544037,4.446705160098167,-9.878634265360926,9.092504419545572,2
-2.452547698155643,9.543978882555052,4.56938005816901,2.4596713277669338,0
-2.015879722171861,9.199122251893195,3.7815210560468877,2.6734795633497233,0
-1.9863621350172505,8.440586124259742,4.615524243967118,4.115440042552596,0
-4.287917871957029,10.510330439687504,5.294244492582159,1.917585013030277,0
-2.147561598005116,8.369166373593197,5.001274441736515,3.511206250406701,0
-3.0264860731531225,10.423633568383902,6.938776959847352,1.6103311235010729,0
1.822350703798607,4.296098932211276,-9.61075662914522,9.489447558539492,2
-0.8954863539941031,9.467820429712301,4.395722200937453,2.937256852229089,0
-9.414367071882614,-6.665891689767549,-11.151889321784978,7.961982304684496,1
2.4973081491989984,4.282953916948109,-10.354660394028917,9.300056717545917,2
-5.3256974665111425,-7.8041354333850315,-7.8955767718805445,7.250365881286258,1
-9.453055961606449,-10.261785307884782,-12.644225722180739,10.105243852973516,1
-9.289024506677798,-9.272986880513553,-7.9788580527612964,7.201892036572575,1
2.1971252585140224,3.379050170239881,-9.540638014363298,9.266472935198761,2
-0.8805820774814583,7.63418466998343,2.936496396872947,1.9176219850441132,0
1.5356108158506583,4.665018224157489,-9.420237632570837,9.284458913263181,2
-7.802820039266778,-6.521638424920319,-13.27891583888181,8.345154944200381,1
-0.7816544529520388,9.450609797872353,4.677882314396301,2.0932010106589933,0
-1.8109743094391604,9.407771513620071,5.535072056255833,2.6083414856227014,0
2.3088641414847757,3.268518309953853,-9.768124950310183,9.548750712835757,2
2.1344700632532168,4.613460333301566,-9.737051214520877,10.05418891252686,2
-5.171304709123596,-7.40339414222435,-6.155882637220981,13.233204152047104,1
-1.8190536313416377,8.613065656312486,4.8639713180385185,1.9857620847225268,0
-0.8252699315948815,8.555401865329381,5.718559669659397,1.9346612144400248,0
3.163126153133597,3.8526307174540606,-10.355830237850132,8.458192026286005,2
-6.917901814083759,-5.431880844273225,-8.539376835600628,4.890850563294814,1
-3.348415146275389,8.705073752347108,4.971142267631666,2.948714811063091,0
-2.1009448673382782,7.311702523960481,5.6690344735537455,2.4457671663537752,0
-3.586839522801607,-7.175280910753644,-14.142965004157496,5.803967947762622,1
-9.53561101151847,-5.809341850256825,-9.306188419147382,9.78784790469836,1
-3.053580347577933,9.125208717908187,3.488885258805799,2.348867702286404,0
-3.494923669388294,9.518332643716166,4.10962121785566,1.1802968516783878,0
1.8909704747060918,3.993258083215341,-9.108157715943216,9.629438855273314,2
1.4736160753786423,3.422989092154958,-9.957995817813469,9.994146710446673,2
1.3358705091236436,4.337191506097009,-10.577422738771356,9.42166449427007,2
1.7084332818219228,4.017432118959871,-8.879044441509933,8.154292714972346,2
-7.952738241897925,-5.408726418849147,-12.833638636345379,8.47895458070356,1
1.3637342748908832,4.549465512842646,-10.089418623547314,9.02197942456337,2
-1.3079837008888053,8.60621075517677,2.6017543010502475,0.9650833730233279,0
1.3393881571564563,4.08696690103726,-9.336917900636355,10.296377454703368,2
0.6485478135015583,3.9115864678450936,-9.851434042342662,10.09236593234411,2
-3.1584751681187573,7.790345861436065,4.673962304487327,1.2031964528820902,0
-1.459644907733415,8.479050916637753,5.957272901862427,2.1707692886331316,0
-1.4036716900947663,10.201316433758702,5.278609058257286,0.8301647712102485,0
-1.4010148063152337,7.97438020107279,5.252652741290671,0.9197541207670759,0
1.9584728941050806,3.881147737497254,-11.053034459085085,10.424683055490718,2
1.1119985845899172,4.29648023511662,-10.54443760179384,9.363880020197152,2
-2.342745414839694,9.506737392206471,4.929047480135919,4.428469823851627,0
2.618667817572383,3.532517477966465,-9.222619987796454,9.693408073865617,2
-2.5862993324668544,9.355438103014965,4.916569635558121,2.8003529329767556,0
2.361765879893815,4.0929538111996795,-9.848008299997014,9.227743104566846,2
-4.85113580492229,-9.750767815157491,-6.791383647248859,11.168352711530085,1
2.526022221461775,3.5339902219197628,-9.495954876693409,9.867154811995213,2
-9.85315692331959,-2.773427210136038,-11.089879593255683,8.91950272951966,1
-2.740132153261428,9.71049249301174,6.488834931173447,3.0997347134884894,0
-3.0828596299329867,8.467427186957929,4.607125566012103,1.429744912806967,0
-3.0268089220889216,9.23807407983722,4.623455940155349,3.161562957388816,0
-3.1207154260446983,7.607625031350099,3.716645590117197,0.6214850783243984,0
-2.3314966221194964,7.678941769488221,5.020076687234065,2.583755429224555,0
-2.2194227661563373,11.089686926843761,5.511003539659794,1.647146151772891,0
-3.0541167098616997,9.413422242550393,4.602244133803253,3.0764715659572532,0
-6.405673149654412,-4.377494361858094,-15.596408489134102,9.018211214325973,1
2.3152523354465,3.793066487947098,-10.295943710046044,9.507464064445358,2
1.2508994772593527,3.8450740409783895,-9.290089545293075,9.081054119395185,2
-2.888325364040237,8.81070576809596,4.058197922279458,0.9584129532478651,0
2.229732985045131,4.393095820979962,-9.566552779762217,9.677266800499138,2
-7.67924599928838,-6.500714612654096,-10.926185010711068,12.547369719735636,1
1.60632277611695,3.8423101926566616,-9.995997928242012,8.865079577290274,2
-5.132556140644933,-5.827677232302472,-7.608280636654012,6.008435808829752,1
-2.52771075904514,8.725627489278184,4.962597396566191,1.145938740388409,0
2.1349322934879504,4.507812933479339,-10.222975362357301,10.249454372304688,2
-8.1124342471507,-3.2710295846039115,-11.979594992334151,9.356535882368647,1
-4.6718527482833725,-7.074702585807952,-9.289527540612575,15.306291835110855,1
1.851025634435293,4.2466834414191945,-10.069676396726257,9.294891403391862,2
1.9705846227190338,3.5419252046575878,-8.540388363179371,10.195418239114485,2
-9.198010026627706,-6.284187136438984,-6.4003336821799355,8.576258340348316,1
1.1939886310252887,3.8992274877895827,-9.955961844424927,9.758936705118558,2
-4.6541311633393025,-4.291986256466565,-13.453797412231244,4.999745765017678,1
-1.8637134419116748,11.177540851503782,4.3321006012751,2.192320011604671,0
-1.4355658731929781,7.987770828787261,4.772848510374978,1.273048869001559,0
2.5200909918651906,5.013037860879928,-10.40732464280196,8.505009310562542,2
1.7893974503050942,4.086032700137562,-9.625283896888147,9.172367305160074,2
-6.823462459121155,-5.512311805337921,-11.790359794908122,10.109327152170884,1
-3.734963286055091,7.5499112479885016,4.864330654788073,3.0202679865528865,0
-3.341553196156979,9.485701684584726,4.08765579194713,2.6061015016962426,0
-5.008603337926323,11.305228700789064,3.2503063694645054,0.3277709369838402,0
1.978582570475585,4.435611369698158,-9.113512828401706,9.368489452603638,2
-6.457990511234451,-5.775257969352424,-11.564325450243125,10.850853864864378,1
-5.543363069949894,-4.660971028591357,-9.639996820528989,11.811551305279508,1
2.1148880032791326,4.374173988012995,-9.477165186183525,10.037629949896584,2
-5.2844994375493775,-5.627998405914804,-13.340972092017857,5.9668384161636485,1
-8.552309037801061,-4.280347874785756,-10.35236660597817,11.888547199366045,1
3.084685936372656,4.827121086915111,-8.62812636301182,8.786749533462103,2
-3.9572115234689944,6.81548017157824,5.079893286281433,1.4711154595881208,0
1.6564843654099115,5.1066718984988,-9.56365594832384,9.782616881224335,2
-2.4636257831489363,8.362685780592505,6.783822925553427,2.607088706258743,0
2.488396016994368,4.043173912311436,-9.020500040492479,8.845050287034068,2
1.9739883998567307,3.9534680919472294,-10.061183144432341,9.70232013908237,2
1.8823950636756726,3.6791826584658134,-9.335327337356018,9.034060942036579,2
-2.6704833347187593,9.41833698501286,6.526064737438632,2.147747496772571,0
2.511511290878193,4.422522828887876,-10.140145028349135,9.232802431076108,2
1.4571983725272137,5.36728989371012,-8.830113086457164,9.699256203436128,2
-7.354724778655006,-7.773723150302015,-9.28930696104203,10.755644102190029,1
2.0740192995182287,5.182489575992781,-9.449630883101612,9.38705755364803,2
-2.338332184924808,8.830302791845643,4.658312769293494,2.320751389302403,0
-3.8136671235576034,9.68395867702836,5.00647708232495,1.0332898976133769,0
-5.145929911366286,-7.860141193073771,-6.188486796519456,8.866037789440448,1
-1.3197271341281096,7.786678313061329,5.237278906077959,2.67434242625163,0
-2.5288354219794313,9.566776082615469,4.863792970292763,3.337310113914576,0
2.138023196126962,4.484696324783794,-9.696143932857767,8.961716498013036,2
1.6223299815132086,3.207450487359255,-9.784836492614652,9.899012955844166,2
-5.739907760947251,-1.467603731023237,-10.447123332586369,9.643123235701797,1
1.7673968882687343,4.178672061773829,-10.832473790790445,9.069072837072962,2
2.572710934075478,4.692137038357476,-9.32230701467298,9.579027573863394,2
1.5776798207500136,4.639101835039785,-9.150286717819053,10.134532381115378,2
1.594051116159576,4.210286744295076,-10.220559317561435,8.501643816972598,2